Lat,Lon,Sats,Speed,GPS_Alt,Dist,Time,Alt,AX,AY,AZ,GX,GY,GZ,MX,MY,MZ
36.076078,-79.008617,8,1.12,149,8.68,2147403,8.68,8.68296,-5.70808,2.60937,0.63393,-0.37614,-0.03253,68.70798,33.57205,-62.87635
36.076078,-79.008617,8,1.12,146.7,7.36,2147603,7.36,7.36391,-6.49532,3.01795,0.69608,-0.30452,0.30299,67.87489,36.84595,-61.91172
36.076085,-79.008612,8,0.09,146.7,7.35,2148403,7.35,7.34716,-4.89153,3.95593,0.3036,0.41905,0.09499,63.44636,47.09149,-56.28471
36.076085,-79.008612,8,0.09,146.1,7.24,2148603,7.24,7.24427,-4.77548,1.08814,-0.07941,-0.29978,0.31734,64.93715,46.90149,-54.34083
36.076089,-79.008612,8,0.94,146.1,7.01,2149403,7.01,7.00738,-4.11326,3.999,-0.07804,-0.34621,-0.15882,67.8895,49.45922,-43.89067
36.076089,-79.008612,8,0.94,145.6,7.88,2149603,7.88,7.87777,-4.47338,3.72204,-0.39294,-0.21105,0.05742,65.78486,51.41771,-40.83601
36.076096,-79.008605,8,1.59,145.6,8.01,2150403,8.01,8.00878,-4.31366,0.31645,0.35216,0.06261,-0.16661,66.76411,49.04998,-46.62379
36.076096,-79.008605,8,1.59,145,8.03,2150603,8.03,8.0339,-4.733,2.48794,0.52382,-0.27611,0.13989,66.53025,50.6577,-43.04297
36.076102,-79.008606,8,1.27,145,6.63,2151403,6.63,6.62991,-4.90648,4.57448,-0.34544,0.21701,-0.22037,68.0649,50.54078,-38.26367
36.076102,-79.008606,8,1.27,145.8,8.5,2151603,8.5,8.50409,-5.02852,4.29631,-0.96425,0.12477,-0.45296,65.22946,51.97311,-43.05759
36.076108,-79.008604,8,2.26,145.8,7.37,2152403,7.37,7.37049,-4.05404,0.6682,0.09499,-0.34407,0.12034,65.68255,50.76001,-44.943
36.076108,-79.008604,8,2.26,146.4,8.28,2152603,8.28,8.28096,-4.18086,1.84367,0.39798,-0.04093,-0.13042,65.71178,52.20696,-42.39988
36.07612,-79.0086,8,2.27,146.4,7.55,2153403,7.55,7.55115,-3.71187,3.92842,-0.48136,0.4247,-0.00244,64.68869,50.01461,-48.50921
36.07612,-79.0086,7,2.27,146.2,8.22,2153603,8.22,8.22114,-4.41236,4.06541,-0.42165,0.12126,-0.14279,64.74715,48.90383,-49.56153
36.07613,-79.00859,7,1.85,146.2,8.24,2154403,8.24,8.24327,-3.97089,1.92802,0.96318,-0.22129,-0.19334,67.11488,48.2169,-47.95382
36.07613,-79.00859,7,1.85,145.6,8.73,2154603,8.73,8.72782,-3.4349,3.55454,0.66126,-0.24221,-0.11942,64.92254,51.57849,-43.94914
36.076138,-79.008584,7,1.42,145.6,7.52,2155403,7.52,7.52064,-4.57508,3.12921,-0.5087,0.0058,-0.25015,61.44402,50.70155,-52.32388
36.076138,-79.008584,7,1.42,145.6,9.35,2155603,9.35,9.35295,-4.92981,3.73879,-0.38759,0.65607,0.14157,62.70096,47.95382,-55.32008
36.076147,-79.008584,7,1.82,145.6,9.16,2156403,9.16,9.16092,-3.18305,3.49352,0.47785,-0.28833,-0.17853,65.14177,50.8477,-45.07454
36.076147,-79.008584,7,1.82,145.2,8.88,2156603,8.88,8.87558,-5.24208,4.53081,-0.97021,-0.22663,-0.12019,66.53025,50.32154,-46.63841
36.07616,-79.008581,7,1.4,145.2,8.95,2157403,8.95,8.94676,-3.35175,4.55833,-0.69929,1.00121,-0.1127,63.7679,40.70448,-61.67787
36.07616,-79.008581,7,1.4,143.2,8.13,2157603,8.13,8.12782,-5.32403,3.41755,-0.67745,0.43845,-0.09132,66.99795,32.75358,-64.64484
36.076166,-79.008576,7,0.74,143.2,7.95,2158403,7.95,7.94955,-4.3023,3.17946,0.37522,-0.30604,0.26786,64.87869,40.66063,-61.73633
36.076166,-79.008576,7,0.74,142.5,7.55,2158603,7.55,7.55294,-6.15075,4.62772,0.03619,-0.00015,-0.18601,63.22713,42.44373,-60.45016
36.076174,-79.008572,7,1.21,142.5,8.5,2159403,8.5,8.49871,-3.94397,3.89492,-0.27978,0.34438,0.11316,63.41713,38.97983,-63.69483
36.076174,-79.008572,8,1.21,142.1,8.43,2159603,8.43,8.4335,-4.87597,3.21476,0.16356,0.08888,0.02443,66.8518,35.79362,-63.49021
36.076178,-79.008572,8,0.67,142.1,8.38,2160403,8.38,8.38146,-3.61855,3.65324,0.38469,-0.22144,0.17623,63.89944,50.13154,-49.51768
36.076178,-79.008572,8,0.67,141.8,8.81,2160603,8.81,8.81097,-8.16551,3.82612,-0.04383,-0.09591,-0.23534,64.92254,50.38,-48.66998
36.076184,-79.00857,8,1.48,141.8,7.99,2161403,7.99,7.99442,-5.41615,1.34656,0.02642,0.48549,0.01405,67.59719,42.23911,-57.92166
36.076184,-79.00857,8,1.48,141.5,6.76,2161603,6.76,6.75913,-4.74975,1.05165,0.16784,-0.20265,0.34606,67.72874,44.10991,-54.60392
36.076191,-79.008568,8,0.96,141.5,7.76,2162403,7.76,7.75873,-3.54138,1.69711,-1.35536,0.64294,0.93004,64.95177,51.09617,-44.19761
36.076191,-79.008568,8,0.96,141.2,7.56,2162603,7.56,7.56371,-5.64347,1.58943,-0.23595,-0.06002,-0.11102,66.26717,49.26922,-47.55919
36.0762,-79.008563,8,2.03,141.2,7.52,2163403,7.52,7.52303,-4.43869,2.40718,-0.75778,-0.03864,0.29948,72.44958,40.80678,-51.06694
36.0762,-79.008563,8,2.03,141,7.44,2163603,7.44,7.43988,-4.87538,0.15972,-0.17013,0.04749,-0.32422,72.12804,37.94212,-54.72084
36.076205,-79.008561,8,0.7,141,8.77,2164403,8.77,8.77149,-3.45823,2.79661,0.10889,-0.13073,0.05192,64.95177,50.43847,-47.41304
36.076205,-79.008561,8,0.7,141,8.99,2164603,8.99,8.99163,-7.32981,3.88235,0.51328,0.5455,-0.23717,65.21485,50.59924,-46.60918
36.076208,-79.008555,8,1.84,141,8.97,2165403,8.97,8.97488,-6.43849,1.20778,0.43173,-0.19364,-0.25443,68.03566,38.04443,-60.52324
36.076208,-79.008555,8,1.84,140.7,7.71,2165603,7.71,7.70788,-3.81177,0.52642,0.62217,0.10201,0.05253,68.00643,40.52908,-57.64396
36.076212,-79.008554,8,0.68,140.7,9.86,2166403,9.86,9.85723,-4.77607,3.31286,-0.42394,-0.00168,0.03986,63.56329,48.46536,-52.07542
36.076212,-79.008554,8,0.68,140.7,8.26,2166603,8.26,8.26122,-7.55115,2.98265,0.62446,0.32437,-0.37736,61.95557,47.99766,-54.1216
36.076216,-79.00855,8,1.43,140.7,8.09,2167403,8.09,8.08654,-6.68914,3.95593,-1.03404,-0.2642,0.1912,63.62175,42.54604,-60.12862
36.076216,-79.00855,8,1.43,140.5,7.98,2167603,7.98,7.98246,-7.48475,1.07498,0.04887,0.06445,-0.02596,63.92868,36.26133,-64.95177
36.076223,-79.008549,8,1.55,140.5,6.6,2168403,6.6,6.60359,-5.65903,4.21496,-0.67333,0.40012,-0.19227,66.96872,33.17743,-64.22099
36.076223,-79.008549,8,1.55,140.4,7.91,2168603,7.91,7.91127,-4.54457,5.16431,-0.354,0.17654,-0.15821,65.90178,31.29202,-65.59486
36.076226,-79.008547,8,0.98,140.4,7.09,2169403,7.09,7.08754,-5.28096,3.57906,0.93096,-0.25794,-0.1605,71.51418,15.37562,-65.77025
36.076226,-79.008547,8,0.98,140.3,7.81,2169603,7.81,7.81436,-2.44307,3.29432,1.14797,0.1573,-0.24893,70.49109,24.46653,-64.83485
36.076226,-79.008549,8,0.21,140.3,8.53,2170403,8.53,8.52682,-2.68475,3.86022,-0.63545,0.75595,0.24633,69.40953,25.60655,-66.17948
36.076226,-79.008549,8,0.21,140.5,8.08,2170603,8.08,8.08355,-3.90748,3.39063,0.45907,-0.10461,0.49892,72.49342,21.55802,-63.53406
36.076227,-79.008553,8,0.22,140.5,8.64,2171403,8.64,8.64347,-2.81336,2.84507,0.03986,-0.06154,-0.02199,72.20111,31.75972,-59.88015
36.076227,-79.008553,8,0.22,140.5,9,2171603,9,8.99701,-3.38883,2.21157,-0.11057,-0.08995,-0.14554,71.73341,31.17509,-61.0494
36.07623,-79.008552,8,1.12,140.5,6.88,2172403,6.88,6.88176,-3.40499,3.49651,-0.83994,0.15317,0.06842,70.38878,28.47121,-64.46945
36.07623,-79.008552,8,1.12,141.3,7.51,2172603,7.51,7.50868,-3.17647,3.32961,-0.43051,-0.06109,0.16448,70.75417,23.56036,-64.8933
36.076233,-79.008551,8,0.3,141.3,9.17,2173403,9.17,9.1681,-2.89711,4.81077,0.15974,-0.07055,-0.33949,70.52032,26.19117,-64.30868
36.076233,-79.008551,7,0.3,140.5,12.12,2173603,12.12,12.12144,-2.36471,5.45743,-0.38714,0.25534,0.13424,70.02338,23.19497,-65.52177
36.076236,-79.008546,7,0.91,140.5,6.36,2174403,6.36,6.35952,-2.97607,3.49771,0.34193,-0.2729,-0.23518,69.21952,30.56124,-63.53406
36.076236,-79.008546,7,0.91,140.8,8.69,2174603,8.69,8.69133,-2.28873,3.65623,-0.37415,-0.32498,0.2135,67.84566,32.00819,-64.06022
36.076237,-79.008543,7,0.82,140.8,7.95,2175403,7.95,7.95374,-4.9352,2.10389,0.90912,-0.3207,0.35781,68.89798,35.4867,-61.13709
36.076237,-79.008543,8,0.82,140.8,7.81,2175603,7.81,7.81137,-4.87956,2.34317,1.15118,-0.4467,0.83811,69.33645,39.08214,-57.95089
36.076242,-79.008539,8,0.85,140.8,7.2,2176403,7.2,7.2018,-3.69691,3.92064,0.13118,-0.20204,0.1602,64.84946,47.82227,-52.63081
36.076242,-79.008539,7,0.85,140.8,8.58,2176603,8.58,8.58425,-5.73619,5.39342,0.27687,0.09774,-0.2755,63.43175,50.30693,-51.30079
36.076249,-79.008531,7,2.01,140.8,7.14,2177403,7.14,7.14497,-0.94397,4.76471,0.21518,0.40057,-0.52809,66.95411,44.35838,-54.91084
36.076249,-79.008531,7,2.01,140.6,16.48,2177603,16.48,16.48057,-0.62453,11.08116,-1.36498,-0.37599,0.65576,65.02485,44.37299,-57.36627
36.076256,-79.00852,7,2.38,140.6,7.37,2178403,7.37,7.3663,-2.37667,4.73719,-0.44303,-0.40455,0.15149,65.58024,49.32768,-48.36305
36.076256,-79.00852,7,2.38,140.4,9.58,2178603,9.58,9.58086,-5.62373,3.35593,-1.22158,-0.16707,0.07941,68.43028,45.73224,-50.67232
36.076259,-79.008514,7,1.05,140.4,9.05,2179403,9.05,9.05384,-4.24726,4.39083,0.0504,-0.05192,0.16463,64.63022,37.40134,-64.20638
36.076259,-79.008514,7,1.05,140.8,8.93,2179603,8.93,8.92523,-6.12921,4.07019,0.22846,0.16188,-0.22068,65.85793,37.41596,-62.70096
36.076262,-79.008508,7,1.27,140.8,7.82,2180403,7.82,7.81795,-3.96551,1.88674,-0.27565,-0.42577,0.34667,64.16253,46.95995,-55.29085
36.076262,-79.008508,7,1.27,141.1,9.42,2180603,9.42,9.42473,-4.86102,3.82911,-0.00107,-0.19517,0.02871,63.15405,44.6653,-57.92166
36.076264,-79.008507,7,0.71,141.1,9.18,2181403,9.18,9.17887,-7.02652,4.99262,0.80924,-0.27382,-0.61743,60.69863,45.46916,-58.75475
36.076264,-79.008507,8,0.71,141.7,5.89,2181603,5.89,5.88754,-5.14158,2.47119,0.21304,-0.38225,0.42745,60.69863,48.49459,-55.46624
36.076271,-79.008489,8,0.87,141.7,6.74,2182403,6.74,6.74238,-3.97807,3.44686,-0.59727,0.35522,-0.16096,63.41713,43.99298,-58.68167
36.076271,-79.008489,8,0.87,141.6,7.54,2182603,7.54,7.54038,-4.50389,3.29851,-0.11958,-0.05681,0.04352,64.13329,42.70681,-60.61093
36.076276,-79.008484,8,1.62,141.6,7.75,2183403,7.75,7.74676,-8.06262,4.94477,-0.44761,0.09881,0.26084,63.98714,43.61298,-59.13476
36.076276,-79.008484,8,1.62,142.9,6.16,2183603,6.16,6.15793,-3.50249,2.74158,-0.68661,-0.0087,0.03726,65.40485,39.37445,-62.89096
36.076287,-79.008477,8,2.29,142.9,8.75,2184403,8.75,8.75055,-5.03629,4.12403,-0.22434,-0.24679,0.20357,65.94563,46.43379,-52.67466
36.076287,-79.008477,7,2.29,142.7,8.93,2184603,8.93,8.9342,-6.83151,4.45723,-0.39874,-0.63347,-0.00901,62.87635,46.27302,-56.63549
36.076293,-79.008474,7,0.7,142.7,7.6,2185403,7.6,7.6008,-7.20658,3.14596,0.6101,-0.2697,-0.07468,62.6425,51.08155,-47.98305
36.076293,-79.008474,8,0.7,143.4,6.59,2185603,6.59,6.58983,-3.22732,1.37647,0.89782,-0.60155,0.37431,63.30021,52.63081,-43.64221
36.076297,-79.008471,8,0.74,143.4,8.35,2186403,8.35,8.35334,-4.22692,3.3996,0.16936,-0.02825,0.14905,68.34259,48.42151,-44.73838
36.076297,-79.008471,8,0.74,143.4,8.52,2186603,8.52,8.52024,-5.62433,3.55573,0.3711,0.04368,-0.44532,65.68255,51.98772,-38.99445
36.076309,-79.008465,8,1.66,143.4,5.92,2187403,5.92,5.92224,-4.16351,3.09392,-0.21136,0.11759,0.13378,68.24028,49.62,-40.61678
36.076309,-79.008465,7,1.66,142.2,7.91,2187603,7.91,7.91007,-3.7011,3.47139,-0.24618,0.22129,-0.02413,69.19029,48.88921,-40.70448
36.076324,-79.008459,7,2.06,142.2,8.39,2188403,8.39,8.39402,-5.17926,4.48834,-0.76496,0.45922,0.09423,68.16721,49.78077,-41.46449
36.076324,-79.008459,7,2.06,141.5,6.09,2188603,6.09,6.09213,-3.07418,2.51426,-0.29001,-0.22816,0.07422,68.00643,49.00614,-43.58375
36.076335,-79.008456,7,1.6,141.5,11.2,2189403,11.2,11.19542,-7.12941,6.02991,0.22235,0.5652,-0.44944,68.00643,50.02923,-39.97369
36.076335,-79.008456,7,1.6,140.9,6.3,2189603,6.3,6.29731,-4.85743,2.88574,-0.18769,0.47113,-0.00794,66.95411,50.6577,-40.64601
36.076341,-79.008459,7,1.6,140.9,9.85,2190403,9.85,9.85005,-5.80977,5.04587,-0.66905,-0.28008,0.3123,66.69102,51.34464,-40.19292
36.076341,-79.008459,7,1.6,140.7,6.88,2190603,6.88,6.87936,-3.64068,4.25982,-0.84498,0.27122,-0.00764,67.42181,49.85384,-44.79684
36.076351,-79.008458,7,2.05,140.7,7.08,2191403,7.08,7.07737,-1.59302,2.55254,0.10644,0.12278,0.49694,67.91874,50.26308,-41.11371
36.076351,-79.008458,7,2.05,140.6,10.52,2191603,10.52,10.52004,-4.6008,5.5023,-0.39554,-0.2865,-0.01313,69.16106,48.71383,-41.6691
36.07636,-79.008459,7,1.81,140.6,6.22,2192403,6.22,6.22373,-3.78126,1.52722,0.25977,-0.15241,-0.21564,64.52792,53.01081,-36.55364
36.07636,-79.008459,7,1.81,140,9.43,2192603,9.43,9.42772,-4.11207,3.22792,-0.18647,-0.44257,0.17043,65.47793,52.54311,-35.66209
36.076369,-79.008456,7,1.69,140,8.41,2193403,8.41,8.41316,-6.99542,2.76311,0.56215,0.11087,-0.5058,66.42795,51.52003,-39.4183
36.076369,-79.008456,7,1.69,139.2,6.23,2193603,6.23,6.23151,-2.48554,1.69831,0.05162,-0.4357,0.28512,64.8933,52.79158,-37.02134
36.076386,-79.00846,7,3.1,139.2,9.58,2194403,9.58,9.57727,-5.69552,2.06261,0.55253,0.65928,0.04154,69.21952,48.47998,-42.6045
36.076386,-79.00846,7,3.1,137.3,7.9,2194603,7.9,7.9023,-5.74277,1.43988,1.16187,-0.19914,-0.20036,66.1064,51.97311,-36.71441
36.076389,-79.008463,7,0.84,137.3,6.89,2195403,6.89,6.88953,-2.24028,1.83649,-0.13928,0.16646,0.50289,70.49109,48.4069,-39.62292
36.076389,-79.008463,7,0.84,136.9,10.65,2195603,10.65,10.65105,-6.469,3.75912,0.70463,-0.82131,-0.77931,71.47033,46.98919,-35.6767
36.0764,-79.008464,7,1.54,136.9,6.2,2196403,6.2,6.19921,-4.05524,2.50409,-0.28955,-0.18158,0.12401,70.228,49.5323,-39.34522
36.0764,-79.008464,7,1.54,135.2,8.76,2196603,8.76,8.75534,-3.0329,2.35633,0.09224,0.33537,0.25381,70.41801,48.20228,-39.886
36.076408,-79.008463,7,1.32,135.2,7.89,2197403,7.89,7.88674,-5.45264,4.1013,-0.23778,0.80008,-0.26832,71.28033,48.26074,-39.50599
36.076408,-79.008463,7,1.32,134.8,6.07,2197603,6.07,6.07418,-4.18565,2.30548,-0.14432,-0.1631,0.10049,70.41801,47.77843,-40.10523
36.076419,-79.008467,7,2.04,134.8,9.36,2198403,9.36,9.36312,-8.61476,4.10967,0.0785,0.57101,0.49114,68.88336,50.21923,-35.89594
36.076419,-79.008467,7,2.04,133.9,6,2198603,6,6.00419,-3.17228,1.47577,-0.44242,-0.13607,0.32345,69.54107,48.84537,-38.58521
36.076431,-79.008476,7,2.97,133.9,11.62,2199403,11.62,11.62373,-5.24148,5.0991,-0.01542,-0.11209,-0.58689,69.40953,49.94154,-35.209
36.076431,-79.008476,7,2.97,133.3,6.57,2199603,6.57,6.56949,-4.87597,2.0004,0.02703,0.44181,-0.05605,66.60333,51.97311,-36.21748
36.076438,-79.008476,7,1.46,133.3,9.86,2200403,9.86,9.86441,-5.35035,1.54875,-0.03146,0.71135,0.24847,66.93949,51.47617,-28.79275
36.076438,-79.008476,7,1.46,133.8,6.06,2200603,6.06,6.06461,-4.5021,4.06959,-1.1298,-0.41142,0.20495,64.58638,53.63929,-29.87431
36.076449,-79.008478,7,1.91,133.8,6.41,2201403,6.41,6.40559,-3.26261,2.08235,0.28421,-0.4018,-0.06399,64.07483,54.2093,-33.27974
36.076449,-79.008478,7,1.91,133.5,9.76,2201603,9.76,9.76391,-5.16431,4.02174,-0.6159,-0.00794,0.49816,66.26717,52.30927,-34.84361
36.076458,-79.008482,7,1.48,133.5,7.6,2202403,7.6,7.60499,-5.42872,1.22991,0.6495,0.05467,-0.23274,66.39871,51.71003,-35.73516
36.076458,-79.008482,7,1.48,133.5,9.23,2202603,9.23,9.23151,-3.92722,2.95454,-0.02917,-0.39202,0.21518,67.55334,51.4031,-34.77053
36.076464,-79.008488,7,2.53,133.5,8.46,2203403,8.46,8.46042,-7.75095,3.48574,0.45387,0.0087,-0.55848,67.56796,51.62233,-39.27214
36.076464,-79.008488,8,2.53,136.8,6.87,2203603,6.87,6.87099,-1.76052,1.6343,-0.1657,-0.79779,-0.0226,66.31102,52.51389,-37.70827
36.07648,-79.00849,8,2.66,136.8,9.59,2204403,9.59,9.58505,-5.17747,2.3994,0.74632,0.18738,-0.1489,71.09032,47.12073,-40.80678
36.07648,-79.00849,8,2.66,136.2,7.7,2204603,7.7,7.70309,-5.47897,1.63669,1.15072,-0.12401,-0.25229,66.6618,52.35312,-34.639
36.076493,-79.00849,8,2.39,136.2,8.71,2205403,8.71,8.71227,-4.75394,1.97587,0.0226,-0.02978,0.08109,72.33265,46.22917,-39.76907
36.076493,-79.00849,8,2.39,137,7.97,2205603,7.97,7.9681,-3.76929,0.99123,0.52458,0.75808,-0.2784,68.66413,49.88308,-36.20287
36.076511,-79.008488,8,2.37,137,8.25,2206403,8.25,8.25344,-3.62393,1.55414,-0.12905,0.22403,0.24221,70.28647,47.32534,-42.73604
36.076511,-79.008488,7,2.37,136.3,9.33,2206603,9.33,9.32662,-5.47717,3.10768,0.60613,-0.43585,-0.77168,70.43262,48.88921,-41.9468
36.076523,-79.008487,7,2.05,136.3,7.39,2207403,7.39,7.39442,-3.45643,2.36889,-0.01924,0.24923,0.33995,67.33411,48.84537,-45.81993
36.076523,-79.008487,7,2.05,136.7,9.7,2207603,9.7,9.69572,-4.37946,2.24507,0.39828,-0.05788,-0.29123,69.78954,47.61766,-44.943
36.076531,-79.008483,7,1.19,136.7,6.5,2208403,6.5,6.49592,-3.3003,1.99741,-0.3653,-0.07132,0.35308,69.02953,48.2169,-44.81146
36.076531,-79.008483,8,1.19,135.9,9.36,2208603,9.36,9.36431,-6.28595,3.01615,0.31169,0.0733,-0.07529,70.28647,46.85764,-44.54838
36.076543,-79.008483,8,1.77,135.9,6.94,2209403,6.94,6.9356,-6.11725,3.6688,0.09713,0.19181,-0.18357,68.10873,50.89156,-39.84215
36.076543,-79.008483,8,1.77,135.4,7.72,2209603,7.72,7.72343,-4.56371,2.05065,0.0985,0.15928,0.09224,69.52645,50.01461,-39.08214
36.07655,-79.008479,8,1.42,135.4,8.37,2210403,8.37,8.37428,-4.6337,4.11027,-0.77931,0.51618,0.23442,69.83338,49.69307,-39.85677
36.07655,-79.008479,8,1.42,135.5,5.78,2210603,5.78,5.78465,-3.07179,1.63908,-0.28482,-0.43035,0.10782,69.05875,49.51768,-41.2891
36.076548,-79.008481,8,0.35,135.5,10.23,2211403,10.23,10.22752,-6.35833,3.5671,0.31612,-0.06918,-0.3372,71.30956,48.26074,-38.40982
36.076548,-79.008481,8,0.35,137.9,6.73,2211603,6.73,6.73041,-3.81236,1.79522,0.15791,0.01054,-0.2445,70.16954,49.18153,-37.0798
36.076553,-79.008487,8,1.2,137.9,10.39,2212403,10.39,10.38904,-3.93141,4.12224,-0.56368,0.28527,0.26512,71.13417,47.89535,-32.31511
36.076553,-79.008487,8,1.2,138.8,6.96,2212603,6.96,6.95594,-5.21695,2.35035,-0.0759,0.70265,-0.31185,70.28647,49.48846,-34.22976
36.07655,-79.008499,8,1.38,138.8,8.95,2213403,8.95,8.94676,-4.44168,4.39801,-0.68967,-0.26282,0.20097,69.58492,49.98539,-31.56972
36.07655,-79.008499,8,1.38,141.5,8.14,2213603,8.14,8.14337,-3.45883,3.44566,-0.99876,0.01023,-0.17914,70.34493,49.3423,-35.35516
36.076565,-79.008508,8,1.12,141.5,8.1,2214403,8.1,8.09612,-2.91805,3.7657,-0.74709,-0.12355,0.35461,67.27565,51.3154,-35.61824
36.076565,-79.008508,7,1.12,139.3,7.87,2214603,7.87,7.8688,-7.09472,3.53779,-1.24937,0.9447,0.85597,67.37796,51.05233,-40.266
36.076578,-79.008511,7,1.62,139.3,8.38,2215403,8.38,8.37847,-3.05324,3.25663,0.10675,-0.03314,0.02505,64.981,53.04005,-36.75826
36.076578,-79.008511,7,1.62,138.8,9.02,2215603,9.02,9.02214,-8.58066,4.41476,-0.01848,0.64691,0.12584,65.98948,51.49079,-39.02368
36.076588,-79.008514,7,0.74,138.8,6.44,2216403,6.44,6.43729,-2.94138,2.93599,0.37461,-0.27993,0.2926,65.58024,52.83543,-34.37592
36.076588,-79.008514,7,0.74,138,9.41,2216603,9.41,9.41217,-4.68515,4.19701,-1.09055,0.30009,0.54459,68.60567,49.85384,-36.29056
36.076599,-79.008517,7,1.53,138,6.69,2217403,6.69,6.68734,-2.67159,1.95434,0.16249,-0.34774,0.115,68.48875,51.03771,-34.85823
36.076599,-79.008517,7,1.53,137.3,9.89,2217603,9.89,9.89313,-4.04686,3.30688,-0.90836,0.28436,0.24038,68.51797,49.91231,-38.32213
36.076609,-79.008517,7,1.37,137.3,8.22,2218403,8.22,8.21636,-6.93021,3.53958,0.22556,0.07865,0.07926,66.72026,50.16077,-45.16224
36.076609,-79.008517,7,1.37,137.5,6.04,2218603,6.04,6.0353,-2.36471,2.11226,0.21441,-0.69272,-0.01573,66.16486,51.02309,-44.21222
36.076606,-79.008525,7,0.66,137.5,8.66,2219403,8.66,8.65963,-5.67697,3.30987,0.19716,0.51817,0.33262,66.73487,49.89769,-44.76761
36.076606,-79.008525,8,0.66,142,6.58,2219603,6.58,6.57966,-2.79302,1.11506,0.65729,-0.14783,-0.27275,65.81409,52.20696,-41.40602
36.076609,-79.008535,8,1.35,142,8.39,2220403,8.39,8.39043,-5.37907,3.37627,-0.41539,-0.01772,0.20892,67.01257,50.49693,-45.8784
36.076609,-79.008535,8,1.35,142.9,7.54,2220603,7.54,7.53919,-6.24587,2.35214,0.41157,0.20204,-0.20265,64.35253,53.06927,-42.66296
36.076613,-79.008546,8,1.73,142.9,6.16,2221403,6.16,6.16451,-3.79023,2.08355,0.0591,-0.0281,0.22801,67.67027,51.28617,-40.48524
36.076613,-79.008546,8,1.73,144.5,9.03,2221603,9.03,9.0347,-6.18724,3.67837,0.10889,0.37461,-0.09362,68.00643,50.35077,-39.68138
36.076619,-79.008554,8,1.84,144.5,5.95,2222403,5.95,5.95394,-3.79262,2.28275,-0.36484,-0.03955,0.2503,66.80795,50.8477,-41.56679
36.076619,-79.008554,8,1.84,146.8,8.79,2222603,8.79,8.79362,-6.06401,3.24826,0.21854,0.19334,-0.26909,67.71412,49.83923,-41.30371
36.07663,-79.00856,8,1.58,146.8,6.2,2223403,6.2,6.2022,-5.2331,2.44546,-0.26328,0.00916,-0.22862,65.50716,51.76849,-38.97983
36.07663,-79.00856,8,1.58,147.4,8.32,2223603,8.32,8.32463,-4.95793,2.78883,-0.07819,0.27489,0.20922,66.47179,51.03771,-42.53143
36.076642,-79.008565,8,1.59,147.4,7.57,2224403,7.57,7.56611,-3.34098,3.7352,-0.64874,-0.11912,-0.06536,68.34259,49.28384,-43.8176
36.076642,-79.008565,8,1.59,147.8,6.31,2224603,6.31,6.30748,-3.25902,2.70389,-0.15043,-0.23717,0.20418,67.49489,48.8746,-46.2584
36.076658,-79.008565,8,2.01,147.8,11.6,2225403,11.6,11.6034,-8.64407,4.50389,0.34743,-0.31139,-0.90301,65.71178,52.1485,-40.41216
36.076658,-79.008565,8,2.01,147.8,7.19,2225603,7.19,7.19043,-5.02792,2.46879,0.27718,0.25015,-0.39538,64.44022,52.26542,-43.62759
36.076673,-79.008566,8,1.7,147.8,10.02,2226403,10.02,10.02054,-4.97707,4.40459,-0.73151,-0.10247,0.56612,66.44256,51.94387,-40.14908
36.076673,-79.008566,7,1.7,148.5,6.83,2226603,6.83,6.8339,-3.22612,3.72862,-0.89461,0.07972,-0.13622,68.38644,50.13154,-42.29757
36.076687,-79.008571,7,1.48,148.5,8.24,2227403,8.24,8.23969,-4.61396,3.04786,0.08201,-0.07514,0.35476,65.28793,52.38234,-37.76674
36.076687,-79.008571,7,1.48,148.1,10.28,2227603,10.28,10.27897,-6.14297,5.0351,-0.01237,0.10614,-0.54672,67.71412,50.67232,-42.01988
36.076699,-79.008576,7,2.16,148.1,6.3,2228403,6.3,6.3003,-2.83071,2.18644,0.011,-0.67653,0.34987,64.71792,53.15697,-38.21982
36.076699,-79.008576,8,2.16,149.1,9.81,2228603,9.81,9.80639,-5.00818,5.34856,-0.72097,0.35507,0.38164,66.98334,51.28617,-42.20988
36.076709,-79.008577,8,0.96,149.1,7.15,2229403,7.15,7.14676,-5.05185,1.74377,0.50656,-0.46075,0.11576,63.56329,53.85852,-39.68138
36.076709,-79.008577,7,0.96,149,8.84,2229603,8.84,8.84028,-4.91306,3.83031,-0.37538,-0.3291,0.16356,65.12716,52.36773,-41.50833
36.076718,-79.008578,7,0.62,149,7.2,2230403,7.2,7.20419,-4.27717,1.33161,-0.2784,0.51603,0.12538,62.8325,53.75621,-41.23063
36.076718,-79.008578,8,0.62,150,6.96,2230603,6.96,6.95534,-3.73819,2.15234,0.12355,-0.36637,0.41921,63.94329,53.2739,-42.15142
36.076734,-79.008583,8,1.86,150,9.83,2231403,9.83,9.8345,-5.82353,3.50489,0.62751,0.00672,-0.58445,66.70564,50.29231,-43.32067
36.076734,-79.008583,8,1.86,148.6,5.92,2231603,5.92,5.91925,-4.37767,2.12243,0.19624,-0.64798,0.11087,64.67407,52.7185,-39.37445
36.076752,-79.008591,8,3.05,148.6,9.25,2232403,9.25,9.24527,-5.869,3.11964,-0.06124,-0.00046,0.30253,66.89565,49.47384,-44.76761
36.076752,-79.008591,7,3.05,148.1,7.04,2232603,7.04,7.04387,-3.39781,1.09831,0.94501,-0.04062,-0.2474,65.97486,51.65156,-42.07834
36.076776,-79.008597,7,3.61,148.1,8.92,2233403,8.92,8.92044,-5.60399,3.77827,0.05773,0.00168,0.17211,66.76411,50.38,-44.753
36.076776,-79.008597,7,3.61,146.5,6.96,2233603,6.96,6.95833,-6.05145,4.24068,-0.28879,0.19655,-0.20052,65.59486,51.88541,-42.1368
36.076793,-79.0086,7,1.97,146.5,6.8,2234403,6.8,6.79502,-3.71306,2.76251,-0.11866,0.20449,0.15195,68.03566,48.99152,-45.03069
36.076793,-79.0086,7,1.97,145.5,10.09,2234603,10.09,10.09053,-5.55913,2.36411,0.64889,0.2193,-0.69012,67.9772,49.7223,-42.64835
36.076801,-79.008599,7,0.54,145.5,5.83,2235403,5.83,5.82951,-3.87996,2.52443,-0.49159,0.1628,0.00687,65.52177,51.15463,-43.89067
36.076801,-79.008599,7,0.54,144.9,8.08,2235603,8.08,8.07937,-5.26481,2.80618,0.21869,-0.15623,0.06826,67.53873,50,-43.99298
36.076812,-79.0086,7,0.94,144.9,7.57,2236403,7.57,7.5667,-4.09412,4.28913,0.2054,0.13408,-0.51252,66.53025,50.40924,-43.27682
36.076812,-79.0086,7,0.94,144.9,7.98,2236603,7.98,7.97767,-4.67916,2.61715,-0.05773,0.58948,0.655,68.38644,50.04385,-40.19292
36.076824,-79.0086,7,1.55,144.9,9.39,2237403,9.39,9.39243,-4.29452,3.91526,-0.4725,-0.84926,-0.104,69.78954,46.3461,-48.69921
36.076824,-79.0086,7,1.55,145.1,5.83,2237603,5.83,5.82533,-2.57408,2.74636,-0.41279,0.29291,-0.26466,67.90412,47.25227,-50.11693
36.076839,-79.008603,7,2.87,145.1,10.58,2238403,10.58,10.57867,-4.3663,5.01536,-0.4638,0.40607,0.23946,68.40105,47.89535,-47.42765
36.076839,-79.008603,7,2.87,145.1,6.78,2238603,6.78,6.78485,-4.5009,3.67418,0.08842,0.09209,-0.54871,68.03566,47.31073,-50.02923
36.076862,-79.008608,7,2.81,145.1,9.2,2239403,9.2,9.2022,-2.57468,3.90389,-0.27474,-0.19991,0.28665,68.22566,48.14382,-47.31073
36.076862,-79.008608,7,2.81,143.6,7.73,2239603,7.73,7.72882,-7.19701,4.84547,-0.2981,-0.07055,0.17746,68.57644,47.6615,-48.2169
36.076886,-79.008612,7,3.07,143.6,6.61,2240403,6.61,6.61017,-3.17647,3.33679,0.33949,-0.55711,0.32223,66.93949,49.94154,-45.8784
36.076886,-79.008612,7,3.07,142.3,10.63,2240603,10.63,10.62832,-4.50808,5.10569,-0.32971,0.12843,0.45418,68.75183,48.02689,-46.49226
36.076902,-79.008614,7,2.09,142.3,6.25,2241403,6.25,6.24766,-3.82313,1.9322,0.06552,-0.6379,0.01665,65.62408,51.02309,-43.61298
36.076902,-79.008614,8,2.09,141.5,9.95,2241603,9.95,9.95354,-3.9344,4.56491,-0.24114,-0.0449,0.29658,66.47179,50.05846,-44.78223
36.076915,-79.008621,8,2.61,141.5,6.21,2242403,6.21,6.20997,-5.79841,2.86002,-0.12706,0.24099,0.20388,66.6618,50.52616,-44.0076
36.076915,-79.008621,8,2.61,141.4,6.58,2242603,6.58,6.57787,-2.54477,3.69631,0.27306,-0.35384,0.08735,66.55949,51.1254,-43.55452
36.076923,-79.008622,8,1.24,141.4,10.63,2243403,10.63,10.63251,-6.12383,3.67059,0.80222,0.11836,0.32788,65.59486,51.5931,-41.30371
36.076923,-79.008622,8,1.24,142,7.55,2243603,7.55,7.55175,-3.78784,1.6002,0.70815,0.76251,0.15928,69.84799,49.23999,-37.13826
36.076933,-79.008629,8,1.67,142,9.72,2244403,9.72,9.72383,-5.07817,5.94437,0.22556,-0.38698,-0.12828,71.26571,47.71996,-38.40982
36.076933,-79.008629,8,1.67,141.9,7.17,2244603,7.17,7.17189,-5.89233,1.85025,0.86392,0.64339,-0.219,69.54107,49.02076,-32.51973
36.076948,-79.008635,8,1.58,141.9,8.35,2245403,8.35,8.35035,-4.06541,1.85863,0.08201,0.13607,-0.10125,69.26337,49.79538,-35.6767
36.076948,-79.008635,8,1.58,141.3,9.7,2245603,9.7,9.69632,-7.02473,3.23869,0.53329,0.49129,-0.2645,69.05875,50.17539,-32.34435
36.076961,-79.00864,8,1.39,141.3,6.16,2246403,6.16,6.15673,-3.87219,2.7015,-0.72464,-0.09957,-0.12294,68.13797,49.88308,-40.04677
36.076961,-79.00864,8,1.39,140,8.4,2246603,8.4,8.39641,-4.669,3.01615,0.54627,-0.00076,0.04032,66.99795,50.81847,-37.70827
36.076982,-79.008633,8,2.88,140,9.41,2247403,9.41,9.41037,-6.38824,3.59701,-0.93111,0.27458,0.50427,69.83338,48.90383,-40.80678
36.076982,-79.008633,8,2.88,136.4,5.8,2247603,5.8,5.8026,-3.21715,2.22473,0.00168,-0.0701,-0.31887,67.33411,50.23385,-44.53376
36.077002,-79.008632,8,3.28,136.4,9.9,2248403,9.9,9.89612,-4.25922,3.67358,-0.69379,0.55039,0.51786,73.22421,45.43993,-38.87752
36.077002,-79.008632,8,3.28,134.7,7.06,2248603,7.06,7.05763,-2.25763,1.85085,0.05818,-0.09957,-0.17318,72.43496,46.12686,-40.32447
36.077014,-79.008632,8,1.75,134.7,10.41,2249403,10.41,10.40758,-6.02154,5.12901,-0.55344,0.13851,-0.60369,76.00117,43.46682,-36.30518
36.077014,-79.008632,7,1.75,134.7,6.55,2249603,6.55,6.55095,-3.39781,2.49332,-0.24725,-0.24022,-0.59895,72.05495,46.63841,-39.38907
36.077024,-79.008631,7,1.69,134.7,7.03,2250403,7.03,7.0337,-2.8995,2.08534,-0.92592,0.33307,-0.34132,67.3195,51.33002,-38.13213
36.077024,-79.008631,7,1.69,134.6,9.61,2250603,9.61,9.60539,-4.07438,6.02692,-1.13957,0.41676,0.18418,66.70564,50.64309,-43.36451
36.077028,-79.008634,7,1.48,134.6,6.34,2251403,6.34,6.33859,-3.58624,2.62134,-0.24618,-0.53267,-0.03451,65.0687,51.91464,-46.49226
36.077028,-79.008634,7,1.48,135.5,9.64,2251603,9.64,9.64248,-3.90808,5.45564,-0.73884,0.21884,0.42776,67.20258,49.85384,-48.30459
36.077033,-79.008629,7,2.05,135.5,6.86,2252403,6.86,6.86441,-3.58445,0.52941,0.54214,0.81215,0.04123,66.61795,47.48611,-50.43847
36.077033,-79.008629,7,2.05,135.4,8.12,2252603,8.12,8.12124,-4.20479,3.67538,0.31597,-0.15989,-0.03894,65.36101,48.24613,-51.66618
36.077045,-79.008626,7,2.46,135.4,10.48,2253403,10.48,10.47937,-7.48714,3.96551,1.54473,-0.12156,-0.95753,64.96638,45.42531,-55.42239
36.077045,-79.008626,7,2.46,135.5,5.47,2253603,5.47,5.46581,-3.58385,1.71864,0.38744,-0.62629,0.21747,64.38176,48.68459,-50.67232
36.077062,-79.008617,7,3.65,135.5,10.47,2254403,10.47,10.46561,-6.01615,3.18245,0.0814,-0.01542,0.00061,66.20871,47.22303,-53.78544
36.077062,-79.008617,7,3.65,135.3,6.88,2254603,6.88,6.87757,-4.23589,2.11765,-0.03833,0.35583,-0.24129,66.72026,47.17919,-52.58696
36.077064,-79.008623,7,2.61,135.3,8.42,2255403,8.42,8.42034,-3.74656,1.29452,0.12187,0.23503,-0.44013,67.49489,41.63987,-58.94476
36.077064,-79.008623,7,2.61,137.5,10.41,2255603,10.41,10.41177,-6.25903,2.76132,0.68249,0.19823,-0.38836,67.58258,43.99298,-56.06548
36.077081,-79.008621,7,3.71,137.5,5.86,2256403,5.86,5.85883,-4.77548,2.06979,-0.27138,0.05956,-0.42425,63.70944,46.52148,-56.53318
36.077081,-79.008621,7,3.71,138.3,9.1,2256603,9.1,9.1017,-5.1009,2.99222,0.21243,0.06765,0.24801,64.87869,46.18533,-55.59777
36.077094,-79.008619,7,2.46,138.3,7.16,2257403,7.16,7.15992,-3.42353,2.78644,-0.56612,0.05757,-0.32803,69.2926,40.70448,-58.17013
36.077094,-79.008619,7,2.46,138.2,7.06,2257603,7.06,7.05524,-3.42233,2.02134,0.02123,0.30849,-0.12294,66.44256,43.18913,-58.30166
36.077104,-79.008611,7,2.58,138.2,6.74,2258403,6.74,6.74118,-7.48834,2.95394,-0.35461,0.15134,0.28329,67.55334,44.16837,-56.28471
36.077104,-79.008611,7,2.58,138.8,6.19,2258603,6.19,6.18963,-2.92343,2.04287,0.05406,-0.03421,0.06002,65.98948,44.31453,-58.30166
36.077117,-79.008611,7,2.6,138.8,10.91,2259403,10.91,10.91127,-6.67538,5.38026,-0.00443,0.34086,0.35354,65.01023,49.48846,-50.33616
36.077117,-79.008611,7,2.6,139.1,5.79,2259603,5.79,5.78764,-3.59163,2.61536,-0.05498,0.11255,-0.31292,66.77872,47.85151,-51.27156
36.077129,-79.008606,7,2.15,139.1,8.42,2260403,8.42,8.41675,-3.77348,3.95952,-0.16677,-0.55375,0.22709,65.78486,52.6162,-43.39374
36.077129,-79.008606,7,2.15,138.6,8.57,2260603,8.57,8.57348,-8.75534,3.51386,0.23839,0.18708,0.01741,65.69717,50.95002,-45.8784
36.077145,-79.00861,7,2.14,138.6,6.47,2261403,6.47,6.4678,-2.93779,1.51466,0.95555,-0.57711,0.36194,67.0418,52.22157,-34.59515
36.077145,-79.00861,7,2.14,137,10.11,2261603,10.11,10.10549,-5.32583,4.43151,-0.19945,-0.55207,0.49358,69.2926,50.52616,-34.96054
36.077151,-79.008618,7,1.57,137,6.54,2262403,6.54,6.54018,-5.75773,2.24148,0.26588,0.08674,0.23472,72.66881,47.2815,-31.05817
36.077151,-79.008618,7,1.57,137.2,6.27,2262603,6.27,6.26561,-2.98086,1.85863,0.46853,-0.58047,0.03986,73.47266,46.78456,-29.3043
36.077156,-79.008626,7,1.45,137.2,9.59,2263403,9.59,9.58625,-4.89751,4.24068,0.07972,0.52657,0.18662,75.10962,45.07454,-28.42736
36.077156,-79.008626,7,1.45,137.7,6.1,2263603,6.1,6.0999,-3.94517,0.47198,0.0307,-0.75854,-0.39752,73.92575,46.11225,-26.07425
36.077165,-79.008637,7,2.03,137.7,9.8,2264403,9.8,9.79741,-5.07578,4.73719,-0.05238,-0.35919,0.18341,76.51272,43.64221,-29.11429
36.077165,-79.008637,7,2.03,137.2,6.58,2264603,6.58,6.58086,-5.85823,2.63988,0.2926,0.06216,-0.31368,76.16194,42.83835,-25.40193
36.077175,-79.00865,7,2.07,137.2,5.87,2265403,5.87,5.87019,-2.99581,2.69372,0.29856,0.43662,-0.1544,79.33353,39.50599,-29.65507
36.077175,-79.00865,8,2.07,135.2,9.87,2265603,9.87,9.86501,-5.14038,6.1346,0.01848,0.50366,-0.06857,78.33967,39.84215,-27.56504
36.077175,-79.008669,8,2.6,135.2,5.87,2266403,5.87,5.87199,-4.19342,3.51446,-0.73319,0.00718,-0.21304,79.66969,38.16135,-26.48348
36.077175,-79.008669,9,2.6,135.2,7.16,2266603,7.16,7.15633,-3.55633,3.49711,-0.39538,0.29612,-0.64339,76.92195,43.1599,-29.50891
36.077188,-79.008687,9,3.03,135.2,9.26,2267403,9.26,9.26142,-3.65563,4.4351,-0.90301,0.13027,0.48319,73.9696,45.49839,-27.37504
36.077188,-79.008687,9,3.03,133.3,6.41,2267603,6.41,6.41037,-4.21436,3.57607,-0.90897,0.09911,0.10232,74.64192,46.21456,-33.65975
36.077197,-79.008705,9,2.93,133.3,7.35,2268403,7.35,7.35494,-4.18505,3.54138,0.30345,-0.37599,0.42669,74.10114,45.76147,-28.51505
36.077197,-79.008705,9,2.93,131,11.08,2268603,11.08,11.08116,-7.45604,4.30588,0.44456,-0.31276,-0.51511,75.56271,44.08068,-28.98275
36.0772,-79.008731,9,3.48,131,6.53,2269403,6.53,6.53001,-2.08953,1.87657,0.27917,-0.34896,0.32895,75.59193,43.0722,-22.47881
36.0772,-79.008731,9,3.48,129.7,10.43,2269603,10.43,10.42852,-4.67438,5.08535,-0.47434,-0.15119,0.40791,77.9012,39.78369,-24.8173
36.077203,-79.008757,9,3.84,129.7,6.9,2270403,6.9,6.89612,-3.7992,0.64247,0.56291,0.55757,-0.06292,76.29348,42.47296,-22.59573
36.077203,-79.008757,9,3.84,128.7,7.38,2270603,7.38,7.38066,-2.9007,3.99302,-0.02214,-0.3372,0.11179,76.17655,42.48758,-24.94884
36.077208,-79.008775,9,3.28,128.7,7.6,2271403,7.6,7.59841,-6.24945,3.39482,0.33109,-0.19914,-0.40668,74.0573,46.21456,-25.98655
36.077208,-79.008775,9,3.28,127.1,6.79,2271603,6.79,6.79382,-2.68475,2.62313,0.02459,-0.51404,0.2616,73.13651,46.22917,-25.38731
36.077219,-79.008798,9,3.66,127.1,9.63,2272403,9.63,9.62692,-7.32323,3.69751,0.10873,-0.06368,-0.00168,73.44344,46.30225,-29.74277
36.077219,-79.008798,9,3.66,126.2,6.39,2272603,6.39,6.39362,-3.37029,0.32542,0.4751,-0.41951,-0.43662,72.74189,46.57995,-26.70272
36.077221,-79.008807,9,2.85,126.2,9.81,2273403,9.81,9.81416,-5.15653,3.04666,0.21365,0.07941,0.3007,73.66267,46.68225,-28.80737
36.077221,-79.008807,8,2.85,127.9,6.86,2273603,6.86,6.85903,-7.35913,4.29033,0.22526,0.03314,-0.12263,75.40193,44.12453,-27.21426
36.077226,-79.008824,8,3.21,127.9,7.2,2274403,7.2,7.2012,-3.37209,1.97408,0.1066,-0.4641,-0.05055,75.54808,44.06606,-26.79041
36.077226,-79.008824,8,3.21,129.3,10.81,2274603,10.81,10.81137,-5.89053,3.94337,1.01831,-0.41814,0.12401,78.47121,39.49137,-24.59807
36.077224,-79.008833,8,2.27,129.3,6.28,2275403,6.28,6.28116,-3.08196,1.37827,0.38836,0.28497,-0.22083,79.04122,39.62292,-24.74423
36.077224,-79.008833,8,2.27,130.8,10.85,2275603,10.85,10.84906,-5.7685,3.35055,0.96104,-0.38225,0.23014,80.57585,35.77901,-22.78574
36.077225,-79.008842,8,1.76,130.8,6.48,2276403,6.48,6.47617,-4.69472,3.46959,-0.00275,0.61682,-0.01787,81.81818,31.92049,-18.54721
36.077225,-79.008842,8,1.76,130.7,7.29,2276603,7.29,7.28794,-3.80459,2.56929,-0.05009,-0.3375,-0.21212,81.74511,32.19819,-18.51798
36.077228,-79.008846,8,1.29,130.7,6.78,2277403,6.78,6.77528,-6.05683,3.04546,-0.38897,0.70005,-0.04246,73.91113,44.84069,-22.49342
36.077228,-79.008846,8,1.29,130.3,7.65,2277603,7.65,7.64746,-4.70549,2.24447,-0.18876,-0.05452,0.13363,75.53347,42.53143,-22.34727
36.077231,-79.008861,8,2.16,130.3,6.55,2278403,6.55,6.55215,-5.18943,2.45324,-0.25809,0.28573,-0.90133,67.90412,51.24233,-36.55364
36.077231,-79.008861,8,2.16,131.7,8.15,2278603,8.15,8.14517,-3.86501,2.35214,0.05208,0.09545,0.04475,66.67641,52.36773,-37.3575
36.077235,-79.008873,8,1.94,131.7,6.84,2279403,6.84,6.84048,-4.82333,5.04467,-0.33017,-0.18845,-0.20097,68.09412,50.86232,-39.65215
36.077235,-79.008873,8,1.94,131.6,5.97,2279603,5.97,5.96949,-2.54955,2.93181,0.02352,-0.17944,-0.06949,67.91874,51.37387,-39.68138
36.077243,-79.00889,8,2.66,131.6,8.03,2280403,8.03,8.0339,-6.00419,5.12782,-0.13592,-0.03467,0.51282,70.37416,48.34843,-39.73984
36.077243,-79.00889,8,2.66,131,5.68,2280603,5.68,5.68295,-3.65863,2.08295,0.27214,0.15623,0.10843,69.35107,50.19,-39.97369
36.077247,-79.008903,8,2.19,131,11.14,2281403,11.14,11.13979,-3.40977,4.88614,-0.53405,0.60094,0.59132,71.49957,47.95382,-37.18211
36.077247,-79.008903,8,2.19,131,6.2,2281603,6.2,6.19502,-4.40399,1.74616,0.48808,0.28436,-0.03436,70.12569,49.57615,-39.44753
36.077254,-79.008916,8,2.34,131,10.32,2282403,10.32,10.32204,-3.87099,4.78146,-0.90988,0.53222,-0.24206,70.27185,48.34843,-42.03449
36.077254,-79.008916,8,2.34,131.3,4.54,2282603,4.54,4.54337,-3.80578,2.89591,-0.37965,0.04307,-0.43494,68.07951,49.2546,-46.56533
36.077266,-79.008922,8,2.36,131.3,10.66,2283403,10.66,10.66182,-3.89611,5.74816,-0.48258,0.10812,0.03787,66.13564,49.79538,-48.43613
36.077266,-79.008922,7,2.36,132.1,5.03,2283603,5.03,5.03031,-3.25723,5.52084,-0.44593,-0.25443,-0.03024,67.71412,48.71383,-49.10845
36.077278,-79.00893,7,2.47,132.1,8.04,2284403,8.04,8.04168,-4.2353,4.62233,-0.49572,-0.23808,-0.01665,65.24408,50.71617,-48.20228
36.077278,-79.00893,8,2.47,132,9.16,2284603,9.16,9.15972,-7.28196,5.04048,0.15699,0.1857,-0.07529,65.12716,50.35077,-49.41538
36.077292,-79.008937,8,2.74,132,6.48,2285403,6.48,6.47797,-2.26122,2.97189,-0.0533,-0.64523,0.16814,66.58871,50.0877,-45.6007
36.077292,-79.008937,8,2.74,132.2,10.44,2285603,10.44,10.4363,-4.64148,6.04188,-0.51939,0.28298,0.14707,65.6387,49.82461,-50.04385
36.077305,-79.008942,8,2.62,132.2,6.81,2286403,6.81,6.81416,-3.97807,1.934,0.38866,0.07437,-0.05925,64.7033,51.38848,-45.32301
36.077305,-79.008942,8,2.62,132,7.83,2286603,7.83,7.82692,-3.94218,4.88495,-0.66432,0.1967,-0.15226,64.17715,51.47617,-48.45074
36.07732,-79.008942,8,2.91,132,8.22,2287403,8.22,8.21516,-9.5025,3.74596,0.23305,0.22541,-0.54016,61.94095,49.85384,-54.48699
36.07732,-79.008942,8,2.91,132.3,5.45,2287603,5.45,5.45324,-3.64666,1.97587,0.39141,-0.28207,0.20586,62.58404,51.69541,-50.92078
36.077331,-79.008942,8,2.6,132.3,8.51,2288403,8.51,8.50828,-4.71625,5.31386,-0.09209,-0.01924,-0.07208,61.99942,48.42151,-55.96317
36.077331,-79.008942,8,2.6,132.8,8.86,2288603,8.86,8.85643,-7.60798,3.3996,0.42134,0.53329,-0.16478,65.46332,46.95995,-54.51623
36.077346,-79.008945,8,2.61,132.8,5.33,2289403,5.33,5.32642,-4.73121,4.08574,0.19074,0.14981,-0.17455,63.5779,46.78456,-56.16779
36.077346,-79.008945,8,2.61,133.3,8.54,2289603,8.54,8.53819,-2.87258,2.76909,0.36514,-0.00473,-0.04414,64.61561,47.41304,-54.98392
36.077358,-79.008949,8,2.42,133.3,7.89,2290403,7.89,7.88794,-6.39422,3.53719,0.06002,0.21548,0.16035,67.43642,47.0038,-52.76235
36.077358,-79.008949,8,2.42,133.7,6.24,2290603,6.24,6.2357,-3.81595,2.55494,0.27932,0.01069,0.00489,64.65946,47.04765,-54.73546
36.077371,-79.008953,8,2.45,133.7,11.15,2291403,11.15,11.14577,-4.5356,4.18624,-0.7477,0.3065,0.02734,64.76176,48.65536,-52.38234
36.077371,-79.008953,8,2.45,133.8,4.31,2291603,4.31,4.30529,-3.49651,4.27179,-0.70417,-0.6663,0.37767,68.41566,44.53376,-53.34697
36.07738,-79.00896,8,2.31,133.8,6.37,2292403,6.37,6.37268,-4.06361,3.50608,0.07285,-0.42134,0.31185,64.82023,52.04618,-45.05993
36.07738,-79.00896,8,2.31,134.3,9.92,2292603,9.92,9.92423,-4.68395,5.0997,-0.48976,0.06628,0.0368,65.47793,50.62847,-48.27536
36.07739,-79.008965,8,1.82,134.3,8.53,2293403,8.53,8.52862,-7.70369,2.46999,0.66706,0.62583,-0.16249,64.52792,52.0608,-45.92225
36.07739,-79.008965,8,1.82,134.3,5.8,2293603,5.8,5.79901,-4.1001,2.34018,0.28207,-0.48976,0.13974,65.46332,52.55773,-43.5399
36.077398,-79.00897,8,1.9,134.3,6.85,2294403,6.85,6.84646,-3.69871,3.96192,0.37507,-0.08063,0.04169,66.31102,49.64923,-48.80152
36.077398,-79.00897,8,1.9,134.1,9.45,2294603,9.45,9.44627,-4.47278,5.69193,0.26878,-0.05651,0.1405,66.2964,50.97924,-46.49226
36.077407,-79.008977,8,1.61,134.1,6.81,2295403,6.81,6.80698,-4.68335,5.4341,-1.16187,0.16188,-0.11515,65.24408,48.64075,-52.48466
36.077407,-79.008977,8,1.61,134.2,6.66,2295603,6.66,6.66461,-3.70349,3.89611,-0.52336,0.53451,-0.35934,65.41946,45.95148,-56.53318
36.077415,-79.008974,8,1.43,134.2,7.6,2296403,7.6,7.59781,-4.64088,2.29412,0.30436,-0.37843,-0.08919,59.52938,51.5931,-52.36773
36.077415,-79.008974,8,1.43,134.3,8.37,2296603,8.37,8.37428,-5.48315,3.0329,-0.09468,-0.02107,0.12355,57.95089,52.6162,-52.92312
36.077422,-79.008977,8,1.21,134.3,9.41,2297403,9.41,9.40619,-4.31845,5.93779,0.54566,0.04108,0.55803,65.40485,51.76849,-43.99298
36.077422,-79.008977,8,1.21,134.7,6.53,2297603,6.53,6.52702,-4.15633,2.58724,0.27504,0.26557,0.52611,68.47413,50.01461,-40.36831
36.07743,-79.008981,8,1.1,134.7,6.51,2298403,6.51,6.50668,-3.96192,3.2991,-0.32574,0.11438,-0.46105,68.75183,50.76001,-40.74832
36.07743,-79.008981,8,1.1,134.6,8.67,2298603,8.67,8.6686,-4.52004,2.51306,0.19227,0.10766,0.00428,67.91874,51.65156,-40.13446
36.07743,-79.008983,8,0.4,134.6,9.69,2299403,9.69,9.69452,-7.54397,4.58046,-0.41997,0.42776,-0.64355,65.58024,52.03157,-43.17451
36.07743,-79.008983,8,0.4,134.7,5.5,2299603,5.5,5.50349,-3.98584,1.71386,-0.55848,0.27168,0.0898,64.96638,52.35312,-46.21456
36.077436,-79.00899,8,0.92,134.7,9.2,2300403,9.2,9.19741,-5.16969,4.5003,-0.95035,-0.16448,0.20998,67.48026,51.5931,-38.27828
36.077436,-79.00899,8,0.92,134.4,7.37,2300603,7.37,7.37468,-6.13639,2.24088,-0.28986,0.59636,0.29535,67.6995,51.69541,-39.81292
36.077445,-79.008999,8,1.55,134.4,6.7,2301403,6.7,6.7011,-4.8353,2.71825,0.14432,-0.21762,-0.10644,68.02105,51.71003,-33.54282
36.077445,-79.008999,8,1.55,134.3,7.73,2301603,7.73,7.72762,-5.15235,2.67697,-0.36912,0.22312,0.08384,67.20258,52.35312,-34.60976
36.077452,-79.009004,8,1.17,134.3,7.87,2302403,7.87,7.86521,-4.34357,3.45404,-0.01955,0.15317,0.06689,69.33645,50.13154,-38.73137
36.077452,-79.009004,8,1.17,134.5,8.92,2302603,8.92,8.91865,-3.00658,3.01256,0.09346,1.12598,-0.95096,68.18182,51.08155,-34.53669
36.077458,-79.009006,8,0.9,134.5,6.64,2303403,6.64,6.63948,-3.19681,3.22612,-0.83627,1.07604,-0.96089,67.11488,42.4145,-58.66706
36.077458,-79.009006,8,0.9,134.7,5.89,2303603,5.89,5.88933,-3.4684,3.24826,-1.8442,0.48258,-0.32345,64.65946,41.88834,-60.80093
36.077462,-79.009004,8,0.87,134.7,4.46,2304403,4.46,4.46381,-12.75375,2.63629,-0.34728,1.1495,-0.73258,62.94943,47.7492,-56.81087
36.077462,-79.009004,8,0.87,134.9,1.8,2304603,1.8,1.80479,-9.50429,2.48196,0.2051,0.08033,0.71212,61.57556,45.10377,-60.26016
36.077465,-79.009009,8,0.22,134.9,4.8,2305403,4.8,4.8018,-8.58365,1.06421,0.15776,0.11286,-0.07834,63.98714,45.99532,-57.10319
36.077465,-79.009009,8,0.22,134.7,4.82,2305603,4.82,4.82333,-8.51725,1.18744,-0.04414,-0.00428,-0.00229,63.91406,46.75533,-57.45396
36.077467,-79.009015,8,0.08,134.7,4.78,2306403,4.78,4.78086,-8.57827,1.12044,-0.01894,0.01252,-0.0087,64.60099,45.95148,-57.10319
36.077467,-79.009015,8,0.08,134.8,4.81,2306603,4.81,4.81256,-8.55314,1.1342,-0.01604,0.01237,-0.01038,64.3233,45.65916,-56.9278
36.077472,-79.009021,8,0.01,134.8,4.79,2307403,4.79,4.79402,-8.55434,1.11565,-0.01497,0.01542,-0.01084,63.65098,45.84917,-57.19088
36.077472,-79.009021,8,0.01,134,4.79,2307603,4.79,4.78684,-8.54657,1.10848,-0.01802,0.01298,-0.00932,63.62175,46.65303,-57.03011
36.077474,-79.009028,8,0.1,134,4.79,2308403,4.79,4.78684,-8.54058,1.12343,-0.01481,0.0139,-0.01191,63.66559,46.60918,-56.9278
36.077474,-79.009028,8,0.1,134,4.79,2308603,4.79,4.78804,-8.57109,1.09232,-0.01726,0.01542,-0.01008,63.47559,46.18533,-56.34317
36.077479,-79.009031,8,0.06,134,4.79,2309403,4.79,4.78864,-8.53879,1.08873,-0.01817,0.01481,-0.00932,63.78252,46.24379,-57.08857
36.077479,-79.009031,7,0.06,133.4,4.77,2309603,4.77,4.77428,-8.5346,1.13001,-0.01878,0.01176,-0.00825,63.9579,46.60918,-57.92166
36.077484,-79.009036,7,0.09,133.4,4.79,2310403,4.79,4.78684,-8.54477,1.14676,-0.0171,0.01756,-0.00932,63.25636,47.06226,-57.1178
36.077484,-79.009036,7,0.09,133.4,4.78,2310603,4.78,4.77787,-8.54357,1.13779,-0.01695,0.01237,-0.00794,63.16866,46.7261,-57.03011
36.07749,-79.009039,7,0.02,133.4,4.78,2311403,4.78,4.77907,-8.54896,1.11745,-0.01772,0.01313,-0.01023,63.7679,46.09763,-57.22011
36.07749,-79.009039,7,0.02,133.3,4.78,2311603,4.78,4.78146,-8.54298,1.08933,-0.01817,0.01695,-0.01115,60.21631,46.65303,-57.14703
36.077494,-79.009042,7,0.06,133.3,4.79,2312403,4.79,4.78505,-8.57169,1.11984,-0.01573,0.01268,-0.01038,63.87022,46.50687,-56.78164
36.077494,-79.009042,7,0.06,133.1,4.79,2312603,4.79,4.78565,-8.52024,1.14138,-0.01909,0.01512,-0.00809,63.92868,46.37533,-56.41626
36.077497,-79.009045,7,0.06,133.1,4.78,2313403,4.78,4.78325,-8.56391,1.0989,-0.01466,0.01558,-0.00993,63.9579,46.24379,-57.07396
36.077497,-79.009045,7,0.06,132.8,4.77,2313603,4.77,4.7665,-8.52024,1.12343,-0.01863,0.01405,-0.01069,64.0456,46.56533,-57.38089
36.077501,-79.009048,7,0.15,132.8,4.8,2314403,4.8,4.8018,-8.55972,1.07916,-0.01604,0.01436,-0.01191,63.79713,46.50687,-57.03011
36.077501,-79.009048,7,0.15,132.4,4.79,2314603,4.79,4.78684,-8.55314,1.09831,-0.01329,0.01604,-0.00932,63.65098,46.59456,-57.17626
36.077503,-79.009049,7,0.14,132.4,4.78,2315403,4.78,4.78206,-8.53699,1.08036,-0.01313,0.01833,-0.0084,63.13943,46.3461,-56.05086
36.077503,-79.009049,7,0.14,132.3,4.79,2315603,4.79,4.79342,-8.54537,1.09113,-0.01634,0.01649,-0.01069,63.25636,46.47764,-56.32856
36.077506,-79.009049,7,0.12,132.3,4.59,2316403,4.59,4.59482,-9.46002,-2.11047,-0.75656,-0.38882,-0.99281,62.33558,51.5931,-50.02923
36.077506,-79.009049,7,0.12,132.2,8.31,2316603,8.31,8.31027,-12.85783,-9.32244,1.53083,0.21273,0.04505,61.80941,53.8439,-43.37913
36.077508,-79.009052,7,0.52,132.2,10.23,2317403,10.23,10.22633,-4.91187,-11.74577,-1.75395,-2.52883,-1.19806,54.91084,55.49547,-18.13797
36.077508,-79.009052,7,0.52,132.2,5.36,2317603,5.36,5.36112,-7.54038,-4.37887,0.49037,-0.77977,0.83933,59.98246,54.98392,-23.35574
36.077505,-79.009055,7,0.72,132.2,6.13,2318403,6.13,6.12921,-9.23929,-4.7677,-1.71638,1.27808,-0.4186,61.80941,53.7416,-46.28764
36.077505,-79.009055,7,0.72,132.4,3.13,2318603,3.13,3.12562,-8.42393,-4.65883,-0.4302,1.53862,-0.58017,64.29407,52.32388,-47.14996
36.077505,-79.009056,7,0.63,132.4,-2.81,2319403,-2.81,-2.81157,-10.42074,-4.73839,0.45219,-2.69208,-1.09116,42.01988,60.90324,-39.81292
36.077505,-79.009056,7,0.63,132.8,-0.56,2319603,-0.56,-0.55693,-8.30609,-4.21496,0.88071,-0.41478,-0.84605,28.67583,59.60246,-28.12043
36.07751,-79.009052,7,0.68,132.8,-4.67,2320403,-4.67,-4.67438,-7.05284,-2.56032,-0.08506,0.35812,-0.55894,18.64952,54.53084,-26.67349
36.07751,-79.009052,7,0.68,132.8,-3.52,2320603,-3.52,-3.51865,-3.88834,-5.85823,0.73105,-0.71777,-0.03619,13.8556,51.25694,-25.13885
36.077512,-79.00905,7,0.39,132.8,-4.84,2321403,-4.84,-4.84247,-7.19402,-4.71984,0.15913,0.15806,0.36912,11.89711,50.14616,-23.88191
36.077512,-79.00905,7,0.39,133,-2.53,2321603,-2.53,-2.52862,-3.16212,-3.99781,0.25534,0.34972,-0.57879,12.71558,50.20462,-22.40573
36.07752,-79.009054,7,1.2,133,-8.64,2322403,-8.64,-8.63629,-5.98026,-4.59123,0.22862,0.68982,-0.5849,7.22011,46.11225,-29.62584
36.07752,-79.009054,7,1.2,133.2,-3.48,2322603,-3.48,-3.47677,-3.50429,-3.48574,-0.59987,-0.54123,0.11026,6.62087,45.42531,-28.42736
36.077532,-79.00905,7,1.78,133.2,-5.31,2323403,-5.31,-5.31147,-8.48674,-5.81217,-0.52779,-1.35475,0.93691,13.05174,50.78924,-23.18036
36.077532,-79.00905,7,1.78,133.9,-3.15,2323603,-3.15,-3.15195,-4.98664,-5.52622,0.67867,0.18692,-0.72296,17.46565,53.7416,-20.02338
36.077543,-79.009049,7,2.03,133.9,-4.21,2324403,-4.21,-4.20897,-8.33181,-8.39941,-0.43356,-1.26266,0.05299,15.2587,50.35077,-16.09179
36.077543,-79.009049,7,2.03,134.5,-0.76,2324603,-0.76,-0.75553,-3.66341,-5.71466,-0.02963,-0.61041,-0.18784,20.76878,52.92312,-16.26717
36.077543,-79.009046,7,0.86,134.5,-3.09,2325403,-3.09,-3.08973,-7.65584,-10.24786,-0.95173,-0.46426,-0.08216,18.66413,50.14616,-13.18328
36.077543,-79.009046,7,0.86,134.6,-1.3,2325603,-1.3,-1.3017,-4.3992,-6.56531,-0.26725,-0.42638,-0.33918,21.13417,52.16311,-12.29173
36.077555,-79.009046,7,1.9,134.6,-0.93,2326403,-0.93,-0.9332,-5.09791,-8.87438,0.4919,1.20493,0.06475,25.98655,52.26542,-9.54399
36.077555,-79.009046,6,1.9,134.7,-1.74,2326603,-1.74,-1.73958,-4.85145,-7.20658,-0.33613,-0.13241,0.2813,26.86349,52.29465,-9.79246
36.077564,-79.009046,6,2.21,134.7,-2.43,2327403,-2.43,-2.42871,-6.49711,-9.60778,-0.5507,-0.21014,0.10904,28.10582,53.75621,-11.34171
36.077564,-79.009046,8,2.21,136,-4.59,2327603,-4.59,-4.59123,-6.1346,-5.58186,0.27458,0.38652,0.67333,28.73429,53.71236,-11.48787
36.077568,-79.009056,8,1.71,136,-2.74,2328403,-2.74,-2.74277,-5.24208,-7.80958,-0.15715,-0.06093,0.12996,28.48582,55.057,-13.73867
36.077568,-79.009056,8,1.71,137.7,-2.81,2328603,-2.81,-2.81217,-9.43251,-8.28335,-0.3346,-0.09774,0.2613,32.94358,56.97165,-14.77638
36.07758,-79.009041,8,2.29,137.7,-1.28,2329403,-1.28,-1.28076,-3.68136,-6.52164,0.31001,0.41172,0.65424,29.31891,51.81233,-7.42473
36.07758,-79.009041,8,2.29,137.5,-1.29,2329603,-1.29,-1.29033,-9.11127,-10.19402,0.04337,-0.239,-0.41478,31.65741,53.55159,-10.23093
36.077588,-79.009035,8,2.57,137.5,-1.05,2330403,-1.05,-1.05105,-3.71665,-5.94856,-0.30925,0.37904,0.43448,28.90967,51.95849,-8.27244
36.077588,-79.009035,8,2.57,138.5,-0.49,2330603,-0.49,-0.49232,-10.535,-9.79861,0.59376,-0.05513,-0.59788,33.6159,55.59777,-12.7302
36.077597,-79.00903,8,1.98,138.5,-1.41,2331403,-1.41,-1.40698,-2.54297,-5.38565,-0.219,-0.02764,-0.16921,31.6428,54.38469,-10.33324
36.077597,-79.00903,7,1.98,138.2,-4.04,2331603,-4.04,-4.0355,-11.60519,-9.42712,-0.55451,-2.04411,-0.13408,32.41742,56.24086,-13.91406
36.077607,-79.009028,7,1.9,138.2,1.71,2332403,1.71,1.71446,-4.68634,-5.96949,0.47128,-0.44089,-0.551,28.04736,50.80386,-6.70856
36.077607,-79.009028,7,1.9,138.6,-0.79,2332603,-0.79,-0.78844,-3.74297,-9.31586,-0.00748,-0.90713,-0.04139,29.0266,47.44227,-2.42619
36.077613,-79.009036,7,1.63,138.6,0.83,2333403,0.83,0.82792,-3.28654,-3.39841,0.49251,0.43005,-0.40027,29.65507,40.87986,4.57469
36.077613,-79.009036,6,1.63,138.9,3.08,2333603,3.08,3.07956,-6.02573,-8.96112,0.24862,0.10217,-0.01878,31.7451,43.29144,3.17159
36.077623,-79.009041,6,2.31,138.9,0.8,2334403,0.8,0.79561,-6.68256,-6.70708,0.02947,0.47968,0.29291,31.93511,42.77989,4.10699
36.077623,-79.009041,6,2.31,138.7,1.77,2334603,1.77,1.77308,-4.35613,-6.43131,0.01359,0.0478,0.88973,28.54429,39.6083,6.95703
36.077632,-79.009046,6,2.06,138.7,0.45,2335403,0.45,0.44566,-6.12981,-6.06042,0.64355,0.87736,0.47144,36.21748,49.91231,-3.53698
36.077632,-79.009046,6,2.06,138.7,3.67,2335603,3.67,3.6658,-5.50648,-4.98784,-0.62461,-0.2193,0.18754,35.44285,47.96843,-0.78924
36.07764,-79.009044,6,1.69,138.7,0.32,2336403,0.32,0.31944,-6.99721,-6.38345,0.36881,0.44303,-0.00137,38.11751,53.77083,-8.21397
36.07764,-79.009044,7,1.69,138.6,3.17,2336603,3.17,3.17348,-4.82931,-3.97029,-0.25504,0.03375,0.24419,35.96902,50.70155,-4.19468
36.077648,-79.009049,7,1.86,138.6,1.83,2337403,1.83,1.8347,-9.07957,-7.36032,-0.80115,0.12782,0.53329,35.69132,53.28851,-6.76703
36.077648,-79.009049,7,1.86,138.4,2.05,2337603,2.05,2.05424,-5.44487,-5.41556,-0.16203,0.0307,-0.11194,33.48436,51.71003,-5.65624
36.077666,-79.009043,7,2.61,138.4,-0.1,2338403,-0.1,-0.0999,-11.21157,-8.69911,-1.04259,0.07529,0.1266,32.89974,52.86466,-7.65858
36.077666,-79.009043,7,2.61,138,1.46,2338603,1.46,1.46201,-4.08335,-3.27219,-0.42364,-0.07712,0.39111,31.96434,51.65156,-7.81935
36.077681,-79.009041,7,2.96,138,0.71,2339403,0.71,0.71366,-10.99083,-7.87538,-0.12507,0.21747,0.92714,29.6843,53.02543,-9.35399
36.077681,-79.009041,7,2.96,137.1,1.32,2339603,1.32,1.32383,-4.63011,-3.14417,0.60247,0.8572,-0.1431,31.02894,56.22625,-12.74481
36.077691,-79.009034,7,2.72,137.1,1.42,2340403,1.42,1.42493,-12.9021,-7.24307,0.25916,0.40225,-0.42501,24.39345,55.77316,-19.14645
36.077691,-79.009034,6,2.72,136.6,-3.82,2340603,-3.82,-3.81835,-5.62792,-2.90369,0.03864,0.74174,-0.07315,25.05116,56.76703,-20.27185
36.0777,-79.009022,6,2.93,136.6,-0.66,2341403,-0.66,-0.66102,-8.19063,-1.46381,-1.30236,-0.48442,0.35843,18.19643,54.34083,-23.6919
36.0777,-79.009022,8,2.93,135.8,-3.75,2341603,-3.75,-3.75075,-11.67339,-3.58325,-0.20097,1.19348,-0.36453,16.20871,54.2093,-29.94739
36.077709,-79.009011,8,2.64,135.8,-2.72,2342403,-2.72,-2.72363,-4.17607,-3.23569,0.21502,0.02306,0.41875,26.0304,58.94476,-32.8705
36.077709,-79.009011,8,2.64,135.5,-5.69,2342603,-5.69,-5.68654,-11.24088,-6.3661,0.10003,0.32971,-0.23106,28.5589,59.71938,-32.4905
36.077719,-79.009002,8,2.57,135.5,-3.75,2343403,-3.75,-3.75075,-3.40259,-3.73879,0.62522,0.26221,-0.1715,20.33031,56.31394,-29.26045
36.077719,-79.009002,8,2.57,135.3,-8.19,2343603,-8.19,-8.19063,-7.7665,-6.97149,0.65714,-0.39554,0.03451,22.78574,56.7378,-23.00497
36.077732,-79.008996,8,2.19,135.3,-1.71,2344403,-1.71,-1.70848,-2.49332,-4.69771,1.64796,1.62246,0.4725,30.50278,57.74627,-17.62642
36.077732,-79.008996,7,2.19,134.7,-6.21,2344603,-6.21,-6.21356,-4.46561,-8.68894,0.13806,-0.29123,-0.21594,32.78281,55.5247,-11.02017
36.077747,-79.00899,7,2.54,134.7,-0.82,2345403,-0.82,-0.82253,-5.17986,-5.49272,0.02001,0.11286,-0.58948,26.61502,58.62321,-23.83806
36.077747,-79.00899,7,2.54,135,-4.77,2345603,-4.77,-4.7659,-5.13739,-9.67239,0.4302,0.56215,-0.06552,23.88191,57.51242,-22.31804
36.077757,-79.008983,7,2.44,135,-6.03,2346403,-6.03,-6.02812,-2.28395,-6.83929,0.06658,-0.05651,0.374,20.40339,47.76381,-7.05934
36.077757,-79.008983,7,2.44,134.9,-6.1,2346603,-6.1,-6.09691,1.03789,-7.04806,0.55665,-0.15715,-0.29703,21.79187,46.22917,-5.42239
36.077768,-79.00898,7,1.96,134.9,-8.18,2347403,-8.18,-8.18465,-0.34696,-9.00539,0.2332,0.03207,0.49282,12.67173,35.88132,-2.01695
36.077768,-79.00898,8,1.96,134.7,-6.45,2347603,-6.45,-6.44567,1.14676,-6.8333,0.39004,-0.07391,-0.10278,13.15405,32.43204,0.87694
36.077784,-79.00897,8,2.77,134.7,-9.87,2348403,-9.87,-9.86561,0.3673,-5.55613,0.43356,-0.48274,0.53741,10.71324,33.90821,-3.82929
36.077784,-79.00897,8,2.77,134.3,-4.65,2348603,-4.65,-4.65225,0.28654,-3.87757,-0.40348,-0.43203,-0.83032,20.228,42.09296,-2.03157
36.077798,-79.008963,8,2.81,134.3,-11.03,2349403,-11.03,-11.02672,5.07278,-8.52144,0.26389,-0.44685,1.00365,-2.85004,8.87168,-32.13972
36.077798,-79.008963,8,2.81,134.3,-4.98,2349603,-4.98,-4.97587,2.57049,-0.0341,1.16416,-1.22631,-0.76725,-2.70389,7.60012,-23.98421
36.077812,-79.008955,8,3.02,134.3,-10.08,2350403,-10.08,-10.08096,1.54158,-4.29691,-0.07941,-1.71897,0.61346,-1.35925,17.56796,-43.3499
36.077812,-79.008955,8,3.02,134.2,-11,2350603,-11,-10.99562,0.65204,-0.38943,1.13407,-2.45721,-0.52794,-2.47004,21.9088,-24.93423
36.077816,-79.008944,8,2.6,134.2,-12.29,2351403,-12.29,-12.28714,0.24227,-6.94577,-0.67837,-0.73793,0.45662,2.60158,26.00117,-50
36.077816,-79.008944,7,2.6,134,-14.63,2351603,-14.63,-14.63331,-2.03091,-1.58166,3.12687,-1.71882,0.1715,1.09617,32.50512,-33.8059
36.077925,-79.008872,0,4.74,134,-7.82,2358403,-7.82,-7.81795,2.15294,-3.54915,-0.42409,0.29245,0.01466,-0.08769,23.35574,-39.15522
36.077925,-79.008872,5,4.74,133.6,-14.11,2358603,-14.11,-14.10868,3.20818,-1.87238,-0.11805,-0.4945,0.22877,0.13154,24.52499,-37.34288
36.077959,-79.008825,0,3.96,133.6,-12.29,2362403,-12.29,-12.29014,0.57488,0.60658,-1.13911,3.13527,0.8601,10.40631,29.05583,-60.65478
36.077959,-79.008825,5,3.96,133.7,-18.1,2362603,-18.1,-18.09991,-1.26401,2.43051,-0.43677,-0.54291,0.87781,19.83338,27.65273,-69.11722
36.078021,-79.008726,0,5.65,133.7,-6.58,2365403,-6.58,-6.58086,2.88694,1.22812,1.03282,2.11084,1.05069,0.21923,17.11488,-45.79071
36.078021,-79.008726,6,5.65,133.9,-11.8,2365603,-11.8,-11.80379,0.65264,-0.51745,-2.28204,1.3155,1.27472,12.89097,22.2888,-66.50102
36.078093,-79.008765,6,6.0,133.9,-7.52,2366403,-7.52,-7.51825,3.16032,0.80219,0.81993,2.28479,0.53909,-3.40544,17.21719,-38.49752
36.078093,-79.008765,6,6.0,133.7,-9.97,2366603,-9.97,-9.97089,1.77727,-1.31785,-1.71623,1.94438,0.16249,5.68547,20.98802,-59.06168
36.078074,-79.00874,6,4.93,133.7,-6.19,2367403,-6.19,-6.19322,3.34277,1.43091,0.92729,2.39978,0.6747,-3.43467,16.66179,-36.30518
36.078074,-79.00874,6,4.93,132.2,-11.15,2367603,-11.15,-11.14697,2.14038,-1.76291,-1.12338,1.5771,1.13148,5.90471,24.04268,-58.40398
36.078097,-79.008717,6,5.37,132.2,-5.35,2368403,-5.35,-5.35035,3.78664,0.30628,0.2671,1.49341,0.83215,-3.30313,19.00029,-34.30284
36.078097,-79.008717,7,5.37,131.8,-11.87,2368603,-11.87,-11.8696,1.0672,-1.41655,-1.16523,1.62215,1.21318,5.89009,22.2888,-51.50541
36.078116,-79.008637,0,4.98,131.8,-7.2,2372403,-7.2,-7.19881,1.97288,2.18106,-0.88759,1.94408,2.1394,-1.71003,6.54779,-20.18416
36.078116,-79.008637,6,4.98,132.1,-7.91,2372603,-7.91,-7.91366,2.69731,0.41336,-1.05344,2.00013,1.64201,2.3385,20.87109,-41.39141
36.07817,-79.008636,6,4.71,132.1,-6.48,2373403,-6.48,-6.47677,0.06102,3.01316,-2.8755,1.4647,2.5415,-2.60158,8.34551,-23.80883
36.07817,-79.008636,7,4.71,128.4,-7.23,2373603,-7.23,-7.22692,3.67298,1.44108,0.86147,1.94362,1.49158,0.39462,19.61415,-45.10377
36.078252,-79.008656,7,4.73,128.4,-10.24,2374403,-10.24,-10.24367,2.95155,3.99242,-0.18463,0.00046,-0.43203,-2.98158,7.08857,-22.18649
36.078252,-79.008656,8,4.73,130,-6.29,2374603,-6.29,-6.28535,6.25723,-0.58564,1.934,1.05893,0.21212,-3.30313,15.39024,-36.97749
36.078259,-79.008632,8,4.84,130,-5.51,2375403,-5.51,-5.50768,2.53819,2.32403,-1.12689,1.25624,1.89689,1.46156,-3.84391,-17.71412
36.078259,-79.008632,8,4.84,129.2,-9.09,2375603,-9.09,-9.08555,4.84906,-2.26421,0.57299,1.05619,0.77763,-0.70155,14.55715,-40.93832
36.078279,-79.008629,8,4.82,129.2,-6.28,2376403,-6.28,-6.27578,0.7322,2.41436,-0.81138,1.01938,0.73151,-0.11692,2.45542,-15.24408
36.078279,-79.008629,6,4.82,129,-10.23,2376603,-10.23,-10.2347,3.48335,1.77547,-0.57146,2.58152,1.90086,-0.13154,21.2511,-37.92751
36.078413,-79.008519,0,4.18,129,-11.91,2386403,-11.91,-11.90728,2.16132,0.76929,-1.83366,3.20277,1.90407,1.98772,21.83572,-38.7606
36.078413,-79.008519,6,4.18,127,-14.41,2386603,-14.41,-14.41496,4.27239,-2.12184,-0.26893,0.16203,0.04749,8.7109,26.20579,-58.62321
36.078411,-79.008547,6,3.43,127,-7.62,2387403,-7.62,-7.61875,3.15434,-0.59581,-0.90958,1.58336,0.89904,3.63929,16.41333,-39.15522
36.078411,-79.008547,5,3.43,126,-12.25,2387603,-12.25,-12.25245,5.9665,-0.38883,-0.686,-0.5174,0.41294,4.61853,26.60041,-53.34697
36.078358,-79.008435,5,5.11,126,-8.2,2388403,-8.2,-8.20379,3.64547,2.85404,1.4786,1.2057,0.35277,-3.05466,17.26103,-31.35048
36.078358,-79.008435,6,5.11,124.9,-10.83,2388603,-10.83,-10.83291,2.49871,-0.18425,-0.97234,1.62307,0.75182,5.83163,20.33031,-48.62613
36.07835,-79.008424,6,4.78,124.9,-8.56,2389403,-8.56,-8.55853,0.01496,4.59542,-0.78649,0.54734,1.41156,2.5285,-0.73078,-12.42327
36.07835,-79.008424,6,4.78,124.6,-9.22,2389603,-9.22,-9.21775,4.8664,0.00598,-0.67378,2.75745,1.8917,-2.67466,18.41567,-32.98743
36.078393,-79.008353,0,3.06,124.6,-8.68,2395403,-8.68,-8.68116,-0.74716,2.7326,0.27947,-2.33946,-1.45615,-3.04005,19.27799,-24.87577
36.078393,-79.008353,5,3.06,124.2,-9.47,2395603,-9.47,-9.4666,1.1348,4.0343,0.25168,-0.96272,-0.75869,3.11312,4.677,-6.7378
36.078414,-79.008359,5,3.35,124.2,-6.37,2396403,-6.37,-6.37388,1.89093,1.18325,-0.83047,-1.58535,-0.90484,-2.0608,14.44022,-18.66413
36.078414,-79.008359,5,3.35,124.3,-7.75,2396603,-7.75,-7.75394,2.17208,2.67876,0.13011,1.37872,-0.16738,-0.76001,8.46244,-14.45484
36.078355,-79.008305,0,4.41,124.3,-19.6,2399403,-19.6,-19.59961,1.91426,4.7677,3.7727,0.96074,-3.3874,9.41245,28.69044,-38.74598
36.078355,-79.008305,5,4.41,124,-6.05,2399603,-6.05,-6.05444,-0.18006,2.2678,-1.23899,-1.91628,-1.37582,-2.95235,8.34551,-27.22888
36.078358,-79.008286,0,3.8,124,-9.51,2401403,-9.51,-9.50908,3.88834,-1.17248,-0.36957,1.11712,0.79138,6.98626,28.33967,-54.00468
36.078358,-79.008286,5,3.8,123.2,-13.02,2401603,-13.02,-13.01576,2.14576,1.28136,-0.71853,-1.69301,0.36438,5.91932,30.35662,-50.01461
36.078342,-79.008277,5,4.06,123.2,-9.54,2402403,-9.54,-9.53839,4.78923,0.12622,-0.5397,2.13696,-0.05315,-3.05466,9.25168,-29.97662
36.078342,-79.008277,5,4.06,122.6,-8.43,2402603,-8.43,-8.4341,4.5003,-4.8688,-0.62415,-0.76633,0.37522,-2.32388,16.20871,-39.37445
36.078336,-79.008255,5,4.82,122.6,-12.25,2403403,-12.25,-12.25185,2.78405,2.88814,-0.10751,2.61496,1.39552,3.39082,23.47267,-40.41216
36.078336,-79.008255,5,4.82,122.1,-8.04,2403603,-8.04,-8.04407,2.22652,-0.08255,-0.70738,0.32544,0.72326,8.3309,32.88512,-56.59164
36.078364,-79.008264,5,4.52,122.1,-10.68,2404403,-10.68,-10.67677,3.4666,4.13779,-0.13546,3.45047,2.94162,-0.96463,5.057,-19.3803
36.078364,-79.008264,6,4.52,122,-8.68,2404603,-8.68,-8.68116,2.1685,2.53938,-1.16263,1.69026,2.16552,4.99854,18.21105,-41.43525
36.078359,-79.008252,6,5.01,122,-7.08,2405403,-7.08,-7.07617,-0.63649,2.668,-0.47342,-1.70706,-1.23364,5.61239,-5.01315,-7.96551
36.078359,-79.008252,6,5.01,121.6,-3.26,2405603,-3.26,-3.26321,2.00997,5.82473,-0.05101,0.49663,3.5001,12.54019,-11.50249,-2.49927
36.078404,-79.008251,6,4.37,121.6,-12.53,2406403,-12.53,-12.53002,0.09631,6.4995,-0.00153,-2.71407,-3.35579,-2.67466,16.79334,-28.06197
36.078404,-79.008251,8,4.37,121.4,-7.36,2406603,-7.36,-7.35733,-0.46002,3.5659,-1.31244,-0.62324,-1.40698,5.90471,-2.74773,-6.13856
36.078402,-79.008251,8,3.57,121.4,-8.21,2407403,-8.21,-8.20619,4.19522,-0.32483,4.97779,-1.48379,-2.00272,1.11079,3.43467,-12.07249
36.078402,-79.008251,5,3.57,121.6,-3.34,2407603,-3.34,-3.33799,5.8026,-0.00239,0.57788,-0.37507,-0.12248,6.97165,-9.98246,-11.47325
36.078424,-79.00817,0,3.08,121.6,-6.73,2412403,-6.73,-6.73221,1.28195,4.56371,0.41707,0.65515,1.06367,-1.6808,7.96551,-20.56416
36.078424,-79.00817,5,3.08,122.7,-15.38,2412603,-15.38,-15.38226,10.04627,-2.83908,-0.54291,4.81179,0.79382,-2.45542,7.07396,-24.89038
36.078482,-79.008135,5,5.44,122.7,-7.26,2413403,-7.26,-7.26162,3.21954,-5.32822,-1.39216,0.19487,1.85398,-1.1254,8.12628,-42.67758
36.078482,-79.008135,4,5.44,120.4,-16.59,2413603,-16.59,-16.58944,4.19581,-7.4662,0.41462,-4.2168,0.17898,-2.68927,10.3917,-32.4905
36.07848,-79.008113,4,5.41,120.4,1.14,2414403,1.14,1.14317,6.57069,-10.20419,0.46976,-2.16277,-0.07407,2.45542,4.677,-7.83397
36.07848,-79.008113,4,5.41,119.6,-8.39,2414603,-8.39,-8.38864,3.65863,1.02652,-0.30528,-0.38652,-0.20464,5.90471,-9.20783,-12.24788
36.078501,-79.008119,4,4.55,119.6,-8.18,2415403,-8.18,-8.18106,2.35155,-0.067,1.46623,-1.41247,-0.97173,1.34464,6.79626,-9.31014
36.078501,-79.008119,4,4.55,118.7,-7,2415603,-7,-7.002,3.66222,2.1015,1.63513,0.04444,-1.35169,11.3271,-11.57556,-5.40778
36.078553,-79.008137,4,4.84,118.7,-9.11,2416403,-9.11,-9.10649,5.41197,1.58106,0.75992,-0.61224,-0.86392,3.6539,-4.56007,-12.96405
36.078553,-79.008137,5,4.84,117.7,-4.75,2416603,-4.75,-4.74736,2.77448,0.22552,-0.48946,-0.29154,0.77733,7.55627,-6.97165,-6.69395
36.078586,-79.008142,5,4.95,117.7,-16.32,2417403,-16.32,-16.32384,4.83171,-1.22812,0.11362,-0.22663,0.11515,0.14616,11.67787,-11.41479
36.078586,-79.008142,4,4.95,117.2,-3.26,2417603,-3.26,-3.26202,1.61216,0.75254,1.28236,-1.04321,-1.27289,7.84858,-0.64309,-2.00234
36.07861,-79.008135,4,5.06,117.2,-15.24,2418403,-15.24,-15.23809,4.4991,-0.31825,-0.49114,-0.83475,-0.27397,-2.68927,16.5741,-18.1672
36.07861,-79.008135,4,5.06,117.1,-3.44,2418603,-3.44,-3.44267,0.89492,0.22911,0.46578,-1.54625,-0.60644,3.7416,7.60012,-4.79392
36.078656,-79.008135,4,4.35,117.1,-13.87,2419403,-13.87,-13.87059,4.06481,-4.37647,0.81627,-0.49587,-0.42745,0.71616,19.73107,-11.41479
36.078656,-79.008135,5,4.35,117.3,-4.75,2419603,-4.75,-4.75454,2.4,-0.81954,0.86193,-0.91294,-0.96272,4.2093,4.63315,-5.3347
36.078697,-79.008125,5,4.5,117.3,-16.85,2420403,-16.85,-16.85026,6.54437,-3.05504,-0.22403,0.69135,0.24648,-1.15463,13.41713,-13.34405
36.078697,-79.008125,5,4.5,117.1,-7.15,2420603,-7.15,-7.14916,3.02931,-1.24905,0.41401,-0.58674,-0.06765,0.26308,8.85706,-10.5817
36.078731,-79.008132,5,4.05,117.1,-11.41,2421403,-11.41,-11.40539,4.9693,0.19621,-0.53084,-0.25366,-0.02703,-2.13388,13.72406,-17.56796
36.078731,-79.008132,6,4.05,117.3,-9.69,2421603,-9.69,-9.69033,2.38804,-0.67537,0.39615,-1.11605,0.05971,-1.3154,17.11488,-15.02485
36.078735,-79.008133,6,3.15,117.3,-14.39,2422403,-14.39,-14.38625,2.84925,1.28315,-1.23609,0.38927,1.04153,4.04852,28.38351,-51.25694
36.078735,-79.008133,5,3.15,117.8,-13.89,2422603,-13.89,-13.89213,0.62692,3.48036,1.48517,-1.69271,-1.23074,4.45776,27.21426,-42.12218
36.078737,-79.008136,5,2.74,117.8,-11.8,2423403,-11.8,-11.80499,0.57308,1.95793,-1.77288,1.67209,1.33886,9.8363,33.93745,-56.34317
36.078737,-79.008136,5,2.74,117.9,-11.87,2423603,-11.87,-11.87319,0.50788,0.63769,0.67592,-1.45035,-0.10018,12.99328,32.75358,-60.64016
36.078755,-79.008129,5,3.5,117.9,-9.77,2424403,-9.77,-9.77169,1.03789,0.75015,-0.15104,1.74784,0.60292,5.87547,33.4259,-47.96843
36.078755,-79.008129,5,3.5,118.1,-17.38,2424603,-17.38,-17.38326,-0.92064,2.53579,-0.58582,0.03467,0.98533,11.3271,38.4829,-55.7147
36.07877,-79.008121,5,3.95,118.1,-7.02,2425403,-7.02,-7.02473,4.01755,0.8327,-0.00702,1.73165,1.32344,-1.19848,14.68869,-28.8366
36.07877,-79.008121,7,3.95,119.8,-14.96,2425603,-14.96,-14.95574,4.6337,-0.16271,0.22037,0.6411,0.23534,1.49079,28.25197,-45.26454
36.078766,-79.008115,7,4.17,119.8,-8.68,2426403,-8.68,-8.68355,1.39561,2.25823,-1.59833,2.10458,2.55128,2.17773,20.63724,-31.93511
36.078766,-79.008115,7,4.17,120.9,-14.32,2426603,-14.32,-14.32104,1.19701,1.08156,-1.71546,0.57513,1.41843,10.05554,35.36977,-56.53318
36.078759,-79.0081,7,4.56,120.9,-6.13,2427403,-6.13,-6.1334,2.15055,2.55673,-0.02749,1.92499,1.3691,-2.44081,21.92341,-25.29962
36.078759,-79.0081,7,4.56,121.8,-15.83,2427603,-15.83,-15.82792,0.88355,0.52582,-1.89048,2.50592,1.93492,8.53552,35.96902,-52.70389
36.078752,-79.00809,7,3.89,121.8,-8.11,2428403,-8.11,-8.11167,0.78185,4.12104,-1.11697,3.00882,2.83671,-2.28004,22.02572,-28.67583
36.078752,-79.00809,7,3.89,122.6,-13.26,2428603,-13.26,-13.26461,-0.54138,-0.30867,-2.2544,0.98456,1.65774,13.1102,34.75592,-60.62555
36.078756,-79.008084,7,3.48,122.6,-15.58,2429403,-15.58,-15.58445,-0.68076,5.71227,-0.91874,3.64335,1.73745,-2.10465,23.07805,-24.08652
36.078756,-79.008084,7,3.48,123.2,-12.51,2429603,-12.51,-12.51446,1.30887,1.24068,-0.51038,2.30693,1.27869,11.3271,38.70213,-54.677
36.078781,-79.008063,7,5.6,123.2,-11.98,2430403,-11.98,-11.97907,0.22672,4.65643,0.31475,3.1513,1.42836,0.21923,16.35487,-12.54019
36.078781,-79.008063,8,5.6,124.6,-8.16,2430603,-8.16,-8.16371,1.50748,2.94736,-1.40545,2.04838,2.23958,10.3917,29.42122,-27.88658
36.078789,-79.008054,8,5.12,124.6,-8.76,2431403,-8.76,-8.76132,-0.45583,4.61695,-0.98777,2.75195,1.69164,-0.81847,15.94563,-16.07717
36.078789,-79.008054,8,5.12,125.7,-13.01,2431603,-13.01,-13.01038,0.34457,2.17448,-0.03115,3.71177,1.13453,8.84244,33.4259,-50.01461
36.078806,-79.008039,8,5.36,125.7,-12,2432403,-12,-11.99522,0.19083,4.57209,-0.1153,2.37963,1.12857,-2.57235,21.26571,-23.88191
36.078806,-79.008039,8,5.36,126.8,-7.3,2432603,-7.3,-7.30409,0.59521,1.94417,-0.95753,1.97722,1.47753,3.96083,34.3613,-29.56738
36.078818,-79.00803,8,4.56,126.8,-6.72,2433403,-6.72,-6.71605,-0.41515,3.44327,-0.8801,0.93539,1.08429,-2.26542,18.92721,-23.19497
36.078818,-79.00803,8,4.56,127.6,-8.01,2433603,-8.01,-8.00579,0.12861,2.29472,-0.90378,2.1446,1.7347,3.81467,27.74043,-37.32827
36.07883,-79.008016,8,4.96,127.6,-13.24,2434403,-13.24,-13.23889,0.4337,7.47159,0.02856,1.03267,-0.10507,-2.87928,15.88717,-24.80269
36.07883,-79.008016,8,4.96,127.6,-6.58,2434603,-6.58,-6.58206,1.24307,3.39362,0.011,1.34222,1.0684,-0.54078,24.30576,-37.56212
36.07884,-79.00801,8,4.4,127.6,-12.03,2435403,-12.03,-12.02513,-0.46062,6.49891,0.70326,-0.62965,-1.58382,-2.90851,16.3841,-27.44811
36.07884,-79.00801,8,4.4,128.3,-7.42,2435603,-7.42,-7.42433,2.05962,4.03191,0.67256,1.31183,0.39981,-3.05466,20.08185,-31.87664
36.078844,-79.008003,8,3.58,128.3,-8.11,2436403,-8.11,-8.10928,0.23569,5.98624,1.10612,-1.26602,-1.70813,-3.11312,11.61941,-22.14265
36.078844,-79.008003,7,3.58,128.7,-11.38,2436603,-11.38,-11.37668,0.03709,5.02074,-1.4114,2.8784,1.5377,-3.15697,15.41947,-31.8328
36.078856,-79.00801,7,3.83,128.7,-11.97,2437403,-11.97,-11.97249,-0.96491,6.01257,1.01938,-1.06459,-2.08931,-2.85004,9.6463,-25.97194
36.078856,-79.00801,7,3.83,128.7,-8.08,2437603,-8.08,-8.08415,1.1677,4.19223,-0.80985,2.64459,1.45523,-2.38234,7.64396,-32.84127
36.078857,-79.008019,7,2.61,128.7,-6.45,2438403,-6.45,-6.44567,-0.55155,3.9332,0.40577,-1.75914,-2.00822,-1.52002,4.64776,-34.77053
36.078857,-79.008019,7,2.61,128.7,-4.56,2438603,-4.56,-4.55713,3.09512,4.04447,-0.04688,1.83626,0.34499,1.60772,-6.16779,-32.89974
36.078862,-79.008025,7,2.65,128.7,-6,2439403,-6,-6.0006,-0.27159,2.67278,0.56047,-3.15848,-1.35979,-1.08156,18.10874,-44.88454
36.078862,-79.008025,7,2.65,128.8,-8.23,2439603,-8.23,-8.2349,-0.0652,4.72343,0.27061,-1.03526,-0.458,-2.73312,7.04472,-21.82111
36.078878,-79.008026,7,2.99,128.8,-6.8,2440403,-6.8,-6.80399,-1.0325,2.82891,1.36819,-3.1148,-2.28082,-1.38848,23.10728,-39.71061
36.078878,-79.008026,7,2.99,129.6,-8.76,2440603,-8.76,-8.75833,-0.22134,5.84746,0.75091,-0.35491,-0.80833,-0.64309,1.05232,-21.77726
36.078893,-79.008023,7,2.8,129.6,-3.57,2441403,-3.57,-3.57248,2.82891,1.2335,0.65195,-1.60093,-1.95141,5.42239,-11.91172,-17.27565
36.078893,-79.008023,7,2.8,129.8,-9.77,2441603,-9.77,-9.77468,4.46381,3.00598,0.50763,1.30618,-0.84299,11.47325,-19.20491,-15.53639
36.078908,-79.008019,7,2.93,129.8,-4.89,2442403,-4.89,-4.89033,1.87358,0.81715,-1.39063,-2.13238,-0.30223,1.75387,-3.87314,-17.45104
36.078908,-79.008019,7,2.93,130.3,-8.19,2442603,-8.19,-8.18944,1.95793,2.9994,1.05741,1.66568,0.47373,5.13008,-4.92546,-9.13476
36.078916,-79.008016,7,2.01,130.3,-13.86,2443403,-13.86,-13.86162,-2.88275,2.01416,0.34941,-1.77441,1.30802,4.677,37.09442,-42.57527
36.078916,-79.008016,7,2.01,130.5,-5.65,2443603,-5.65,-5.64646,1.25025,2.15534,2.49645,-1.29534,-1.92514,-0.80386,28.57352,-23.73575
36.078923,-79.008024,7,1.9,130.5,-15.36,2444403,-15.36,-15.36252,-0.5348,3.74058,1.09131,-0.42608,0.02718,15.79947,21.03186,-66.22333
36.078923,-79.008024,6,1.9,130.8,-5.93,2444603,-5.93,-5.92583,0.90927,2.82293,1.72707,-2.74324,-1.05435,3.2739,26.45425,-49.59076
36.078926,-79.008021,6,1.71,130.8,-18.39,2445403,-18.39,-18.38645,0.54377,5.84985,-0.47159,-1.38346,-0.56994,16.44256,28.8366,-65.24408
36.078926,-79.008021,6,1.71,130.7,-5.73,2445603,-5.73,-5.73141,1.12642,3.1017,1.71164,-2.25272,-2.13452,-0.13154,21.73341,-44.32914
36.078933,-79.008019,6,1.58,130.7,-16.62,2446403,-16.62,-16.61995,1.03609,5.28634,1.01281,-1.51204,-1.24754,14.00175,30.26893,-62.89096
36.078933,-79.008019,6,1.58,130.6,-6.45,2446603,-6.45,-6.45344,0.54497,3.3661,1.55465,-2.11191,-2.35091,-1.76849,21.17802,-38.38059
36.078938,-79.008018,6,1.68,130.6,-17.04,2447403,-17.04,-17.03989,0.98824,4.133,1.52609,-0.65164,-1.50074,13.31482,34.91669,-59.99707
36.078938,-79.008018,6,1.68,130.8,-7.77,2447603,-7.77,-7.77129,-0.69512,3.44925,1.01892,-2.32098,-2.21393,-1.66618,24.10114,-37.31365
36.078944,-79.008018,6,1.42,130.8,-10.23,2448403,-10.23,-10.22633,2.97009,1.71864,0.44776,-1.19363,-0.32651,13.69483,35.63285,-60.50862
36.078944,-79.008018,6,1.42,130.8,-9.83,2448603,-9.83,-9.82732,-0.40917,5.14337,0.52763,-3.37442,-2.43155,0.97925,26.51271,-40.14908
36.078944,-79.008015,6,0.7,130.8,-18.13,2449403,-18.13,-18.12683,1.35494,3.83211,-0.41081,0.07712,0.37125,14.87869,35.07746,-60.24554
36.078944,-79.008015,6,0.7,130.7,-11.23,2449603,-11.23,-11.2337,0.02034,4.09591,0.56612,-2.70567,-1.75211,5.55393,31.54049,-47.29611
36.07895,-79.008011,6,0.7,130.7,-6.6,2450403,-6.6,-6.60299,4.67378,-2.62074,-0.04963,-0.31062,-0.03329,-1.09617,14.48407,-13.89944
36.07895,-79.008011,7,0.7,131.7,-10.72,2450603,-10.72,-10.71566,2.87079,-1.36451,0.23075,-0.63087,0.6886,-1.15463,19.01491,-13.98714
36.07895,-79.008005,7,0.76,131.7,-7.35,2451403,-7.35,-7.34955,1.5338,-3.50907,-0.30986,-0.01665,0.27367,-1.15463,25.12423,-19.23414
36.07895,-79.008005,6,0.76,131.7,-11.04,2451603,-11.04,-11.0363,1.78684,-2.64227,0.77626,-0.6918,0.25458,1.25694,27.41888,-17.10026
36.078952,-79.008,6,0.89,131.7,-6.9,2452403,-6.9,-6.90329,8.39582,-2.63569,-0.23137,0.38515,-2.23622,-1.75387,12.6425,-18.78106
36.078952,-79.008,6,0.89,131.7,-7.67,2452603,-7.67,-7.67079,8.48914,-5.88156,-0.83475,-0.58322,-1.24937,1.63695,0.07308,-13.34405
36.078947,-79.008004,6,0.25,131.7,-6.67,2453403,-6.67,-6.67418,6.3332,4.3998,0.46197,-1.65835,1.5012,2.38234,-0.92078,-45.48378
36.078947,-79.008004,6,0.25,131.7,-4.98,2453603,-4.98,-4.97946,7.53141,6.52822,1.0849,0.95936,-0.62278,0.99386,1.43233,-42.70681
36.078944,-79.008006,6,0.58,131.7,-8.43,2454403,-8.43,-8.4341,2.15653,3.82792,-0.67119,-1.31015,1.28282,0.81847,23.6919,-46.66764
36.078944,-79.008006,6,0.58,132.4,-12.03,2454603,-12.03,-12.02992,-4.04866,1.44108,0.67104,-1.59207,2.54105,5.49547,41.80064,-36.18825
36.078942,-79.00801,6,1.12,132.4,-10.44,2455403,-10.44,-10.43869,-1.63849,-4.4327,-0.18402,0.97143,-0.74205,7.61473,44.57761,-27.57966
36.078942,-79.00801,6,1.12,132.6,-9.01,2455603,-9.01,-9.00718,-0.64307,-2.14517,-0.37828,0.18479,-0.19349,4.57469,40.58755,-31.96434
36.078947,-79.008021,6,1.78,132.6,-10.6,2456403,-10.6,-10.6026,-1.55773,-4.18804,0.12095,-0.68692,-0.19028,-1.22771,29.88892,-32.73896
36.078947,-79.008021,6,1.78,132.8,-8.68,2456603,-8.68,-8.68056,2.75713,-3.10409,-0.0898,0.4102,-0.07987,-2.87928,21.33879,-28.70506
36.078952,-79.008025,6,1.1,132.8,-10.53,2457403,-10.53,-10.52662,2.04227,0.25364,0.08033,-0.46945,-0.09927,-2.48465,19.87723,-38.33675
36.078952,-79.008025,6,1.1,132.9,-9.38,2457603,-9.38,-9.38226,2.36889,-0.41456,-0.04734,0.44776,0.16936,-2.96697,20.06723,-35.79362
36.078955,-79.008027,6,0.76,132.9,-8.27,2458403,-8.27,-8.27438,-0.02453,-0.51027,0.29154,0.83291,-0.05635,-0.21923,32.44665,-31.0874
36.078955,-79.008027,6,0.76,133,-5.8,2458603,-5.8,-5.80319,1.52542,-1.82752,-0.04551,0.71807,0.47449,0.51155,33.1482,-37.02134
36.07896,-79.008029,6,0.94,133,-8.55,2459403,-8.55,-8.54776,-2.59262,0.12443,-0.2303,0.09484,0.40852,5.14469,40.3537,-42.76527
36.07896,-79.008029,5,0.94,133.2,-7.19,2459603,-7.19,-7.18624,-4.92802,-4.29571,0.28253,-1.47203,1.42988,6.97165,43.61298,-34.06898
36.078964,-79.00803,5,0.92,133.2,-8.03,2460403,-8.03,-8.03211,-5.05185,-3.9015,-1.43462,-0.73044,0.67882,5.057,41.23063,-34.24437
36.078964,-79.00803,5,0.92,133.4,-8.31,2460603,-8.31,-8.30908,-7.6672,-2.95095,-0.09774,0.3401,-0.74877,8.00935,45.10377,-36.05671
36.07896,-79.008034,5,0.69,133.4,-9.68,2461403,-9.68,-9.68256,-2.27677,-3.3332,0.0533,-0.44272,-0.32009,0.55539,33.06051,-33.70359
36.07896,-79.008034,4,0.69,133.4,-9.99,2461603,-9.99,-9.98944,-2.46221,-2.37129,-0.43524,0.38729,-0.30146,-0.55539,31.17509,-33.57205
36.078961,-79.008034,4,0.49,133.4,-9.64,2462403,-9.64,-9.64367,-1.38245,-2.32762,-0.5707,-0.50305,0.00397,-2.58696,23.94037,-31.89126
36.078961,-79.008034,3,0.49,132,-9.04,2462603,-9.04,-9.0359,-1.27837,-2.86421,-0.3795,2.2515,0.03879,-0.23385,24.68576,-42.44373
36.078961,-79.008037,3,0.71,132,-12.11,2463403,-12.11,-12.11307,-3.65922,1.92562,0.1886,0.70341,1.26281,5.43701,26.32271,-55.30547
36.078961,-79.008037,4,0.71,131.8,-7.84,2463603,-7.84,-7.84248,0.25723,3.27518,0.39722,1.4166,-0.7532,10.23093,18.9126,-62.9202
36.078958,-79.008039,4,0.59,131.8,-9.5,2464403,-9.5,-9.49891,-3.85663,1.90947,-0.06277,-0.90057,-0.03696,10.36247,21.87957,-61.31248
36.078958,-79.008039,5,0.59,131.7,-9.34,2464603,-9.34,-9.34457,-3.94277,3.65205,-0.09362,-0.07651,0.42287,10.07016,23.54575,-62.1748
36.078975,-79.008048,5,0.44,131.7,-8.14,2465403,-8.14,-8.14278,-7.75035,-0.15852,0.03619,0.15837,1.31,2.92312,33.11897,-45.43993
36.078975,-79.008048,7,0.44,131.9,-9.65,2465603,-9.65,-9.64786,-11.38146,3.29312,-1.66293,2.04228,0.71517,5.39316,33.65975,-49.48846
36.078981,-79.008048,7,0.61,131.9,-0.08,2466403,-0.08,-0.08195,-7.95434,8.70748,0.30009,0.43051,-0.17929,47.32534,25.19731,-74.93423
36.078981,-79.008048,6,0.61,132.1,0.57,2466603,0.57,0.56889,-7.67019,9.75554,-0.91553,0.70799,0.46136,50.83309,22.8442,-74.93423
36.078993,-79.008054,6,1.06,132.1,1.15,2467403,1.15,1.15274,-5.20439,9.23211,0.22159,0.31001,-0.74373,59.77784,15.49255,-72.18649
36.078993,-79.008054,6,1.06,132.1,1.23,2467603,1.23,1.2323,-4.88435,9.13221,-0.15592,0.343,-0.37965,61.94095,14.14791,-71.58725
36.079046,-79.008104,0,2.62,132.1,-4.18,2474403,-4.18,-4.17906,-8.95873,5.23968,5.00344,-1.72707,2.58686,31.26279,26.08886,-73.76498
36.079046,-79.008104,6,2.62,132.4,-4.54,2474603,-4.54,-4.5356,-9.05324,10.94956,3.07937,3.88709,0.80237,47.70535,25.62116,-75.03654
36.079035,-79.008127,6,1.8,132.4,-2.36,2475403,-2.36,-2.35873,-3.4325,4.42553,-1.45646,-0.73044,-0.21564,37.64981,36.77287,-71.67495
36.079035,-79.008127,5,1.8,132.6,-4.13,2475603,-4.13,-4.12702,-8.91984,0.85723,5.00344,-3.35243,-2.31457,37.10903,46.71149,-63.32943
36.079045,-79.008148,5,1.59,132.6,1.25,2476403,1.25,1.24786,-9.18006,5.64826,0.68325,0.08231,-0.36682,57.14703,37.18211,-68.40105
36.079045,-79.008148,5,1.59,132.7,-0.56,2476603,-0.56,-0.56351,-5.33719,6.39362,-1.56977,0.29566,0.61041,51.85619,37.7375,-69.32184
36.079058,-79.008156,5,1.25,132.7,0.21,2477403,0.21,0.20638,-6.43789,1.46261,-0.48808,-0.88789,-0.10858,58.00936,50.9354,-55.7147
36.079058,-79.008156,6,1.25,132.9,-0.41,2477603,-0.41,-0.41216,-9.8686,3.31526,0.42806,-0.80985,-3.35105,61.73633,47.35458,-56.79626
36.079071,-79.008147,6,1.39,132.9,9.21,2478403,9.21,9.21117,-4.84008,3.89372,2.44865,-1.88986,3.97276,78.06197,27.72581,-55.62701
36.079071,-79.008147,6,1.39,132.8,0.89,2478603,0.89,0.89192,-15.54796,-4.28794,5.00344,1.38162,3.60197,60.17246,46.85764,-57.3955
36.079086,-79.008152,6,1.96,132.8,8.35,2479403,8.35,8.34975,-2.67218,6.45284,-0.85231,0.53985,3.53187,74.29115,28.8366,-58.65244
36.079086,-79.008152,6,1.96,132.8,0.3,2479603,0.3,0.29611,-8.00758,-4.54218,0.68127,3.37854,1.34085,70.53493,42.58989,-52.55773
36.079095,-79.00816,6,2.06,132.8,10.44,2480403,10.44,10.43929,-8.11227,0.68255,0.05192,0.91584,-0.54062,79.36276,13.53405,-60.34785
36.079095,-79.00816,5,2.06,132.7,0.77,2480603,0.77,0.76511,-3.9679,2.46102,-4.0705,2.06152,5.00344,63.32943,29.43584,-69.80415
36.07909,-79.008158,5,1.31,132.7,8.88,2481403,8.88,8.88096,-8.31865,4.84068,0.87216,1.00915,-1.67438,82.91435,6.79626,-55.247
36.07909,-79.008158,6,1.31,132.7,8.11,2481603,8.11,8.10688,-3.0012,4.12343,-1.53327,-0.69104,2.20614,83.74744,5.32008,-54.51623
36.079067,-79.008158,6,1.35,132.7,5.32,2482403,5.32,5.32403,1.41715,-7.39562,0.20143,2.00654,-0.03421,85.7644,-0.84771,-10.93248
36.079067,-79.008158,6,1.35,132.9,4.16,2482603,4.16,4.16411,4.31306,-9.36312,1.03801,0.32635,-0.41646,77.93044,-10.96171,-2.66004
36.079073,-79.008153,6,0.18,132.9,6.39,2483403,6.39,6.39243,-4.71506,3.61077,1.46531,2.16674,2.19698,63.27097,39.02368,-65.31716
36.079073,-79.008153,6,0.18,132.7,9.82,2483603,9.82,9.81835,-1.27597,1.75214,0.68371,-0.83429,1.27549,80.41508,26.87811,-56.57703
36.079072,-79.008151,6,0.39,132.7,7.64,2484403,7.64,7.64148,-3.34636,4.23231,0.71059,-1.31733,-0.32926,69.43876,46.38994,-50.5554
36.079072,-79.008151,5,0.39,132.7,7.23,2484603,7.23,7.2341,-4.96032,4.80419,1.03832,-0.14157,0.03344,63.18328,52.54311,-47.19381
36.079067,-79.008151,5,0.6,132.7,7.59,2485403,7.59,7.59063,-4.61576,4.07019,0.67699,0.04887,0.72494,74.17422,46.57995,-30.95586
36.079067,-79.008151,5,0.6,132.6,8.69,2485603,8.69,8.69253,-5.38983,3.25424,1.33688,-0.25244,0.48533,77.21426,42.77989,-23.63344
36.079063,-79.008152,5,0.67,132.6,5.28,2486403,5.28,5.27976,-1.59781,8.52204,-0.17303,-2.61985,1.79365,85.82285,6.43087,-49.09383
36.079063,-79.008152,5,0.67,132.6,-2.18,2486603,-2.18,-2.17986,1.74257,11.29353,-0.59376,-5.00421,-2.03418,56.76703,7.46858,-75.62116
36.079061,-79.008155,5,0.81,132.6,5.92,2487403,5.92,5.91805,-1.35254,1.85504,-0.04139,-4.55247,-2.27761,88.1029,0.81847,-26.74656
36.079061,-79.008155,5,0.81,132.5,4.64,2487603,4.64,4.64088,-6.20579,7.57209,1.03587,-0.72678,-0.56047,79.18737,24.20345,-56.41626
36.079057,-79.008152,5,0.53,132.5,6.15,2488403,6.15,6.15015,-4.57029,4.55893,0.9192,0.54107,0.17578,83.03128,13.41713,-53.05466
36.079057,-79.008152,6,0.53,132.5,8.67,2488603,8.67,8.67458,-4.16411,3.1328,0.38133,0.37767,1.13865,86.5098,6.28471,-43.99298
36.079048,-79.00815,6,0.53,132.5,7.65,2489403,7.65,7.64686,-3.5994,3.66281,0.17486,-0.58857,0.04475,81.23356,7.90704,-54.76469
36.079048,-79.00815,5,0.53,132.7,7.85,2489603,7.85,7.85324,-4.78565,4.67737,0.50335,-0.34025,-0.49862,77.57965,13.68021,-60.77171
36.079046,-79.008147,5,0.28,132.7,7.28,2490403,7.28,7.28435,-4.71326,4.1659,-0.09407,0.11484,0.88911,74.77346,16.53025,-63.32943
36.079046,-79.008147,6,0.28,132.5,8.13,2490603,8.13,8.13261,-3.79262,3.69751,0.25015,0.25504,0.20876,77.37504,11.59018,-60.74247
36.079041,-79.008143,6,0.09,132.5,7.7,2491403,7.7,7.70309,-4.09232,4.06122,0.14325,-0.36194,-0.1602,74.37884,16.13563,-64.35253
36.079041,-79.008143,6,0.09,132.2,7.53,2491603,7.53,7.52662,-4.5009,4.35314,0.22755,-0.02092,0.03574,72.12804,18.50336,-66.74949
36.079032,-79.008141,6,0.03,132.2,7.69,2492403,7.69,7.69173,-4.34776,4.22094,0.19853,0.00107,0.1605,70.49109,21.9088,-66.77872
36.079032,-79.008141,7,0.03,132.3,7.79,2492603,7.79,7.78565,-4.23111,4.02293,0.23075,-0.02459,0.09484,70.81263,22.43496,-66.01871
36.079027,-79.00814,7,0.12,132.3,8.06,2493403,8.06,8.05843,-4.61456,4.0684,0.31475,-0.05574,-0.073,68.60567,28.44198,-65.8287
36.079027,-79.00814,8,0.12,132.5,7.77,2493603,7.77,7.76591,-4.71326,4.00618,-0.04841,-0.51694,0.29887,67.11488,28.48582,-67.01257
36.079024,-79.008139,8,0.14,132.5,8.12,2494403,8.12,8.11586,-4.46202,4.18505,0.19639,0.15669,0.45311,66.34025,32.88512,-65.22946
36.079024,-79.008139,8,0.14,132.9,7.86,2494603,7.86,7.85683,-4.10728,3.89193,0.24847,-0.28054,-0.1492,66.77872,34.21514,-64.39638
36.07902,-79.008138,8,0.13,132.9,7.94,2495403,7.94,7.9358,-4.45244,4.0678,0.21258,-0.22938,-0.03497,64.30868,39.12599,-62.49635
36.07902,-79.008138,8,0.13,133.2,7.58,2495603,7.58,7.57627,-4.267,4.18804,0.14554,-0.2109,0.13729,63.31482,40.30985,-62.9202
36.079018,-79.008137,8,0.25,133.2,7.15,2496403,7.15,7.14736,-4.30588,4.38545,0.6214,1.01969,0.49175,63.30021,43.37913,-58.25782
36.079018,-79.008137,8,0.25,133.1,8.87,2496603,8.87,8.8666,-4.33938,2.5681,0.14798,-0.46563,0.02841,67.71412,43.90529,-52.55773
36.079017,-79.008137,8,0.52,133.1,8.22,2497403,8.22,8.21815,-4.3346,3.72323,0.1741,-0.41783,-0.00092,66.28179,47.13534,-51.22771
36.079017,-79.008137,9,0.52,133.5,7.35,2497603,7.35,7.34537,-4.31007,4.24427,0.20495,-0.26603,0.1489,63.87022,47.79304,-52.95235
36.079007,-79.008132,9,0.2,133.5,7.92,2498403,7.92,7.92144,-4.33161,4.19163,0.37232,0.02749,0.12217,67.15872,48.80152,-45.8784
36.079007,-79.008132,9,0.2,133.9,7.67,2498603,7.67,7.66541,-4.32503,3.90748,0.28924,-0.18066,0.09377,67.07103,48.96229,-43.33528
36.079003,-79.008128,9,0.29,133.9,7.88,2499403,7.88,7.87777,-4.3346,3.97089,0.24404,-0.29169,0.23411,71.45572,47.52996,-37.25519
36.079003,-79.008128,9,0.29,134,7.72,2499603,7.72,7.71805,-4.28495,4.20838,0.28237,-0.31032,0.16234,71.89418,46.60918,-38.2929
36.079003,-79.008132,9,0.32,134,7.9,2500403,7.9,7.89931,-4.22393,4.29512,0.45005,-0.16661,0.01878,77.34581,41.24525,-32.25665
36.079003,-79.008132,9,0.32,134.2,7.59,2500603,7.59,7.59183,-4.42612,4.07857,0.45082,-0.14768,0.08415,76.61502,41.39141,-30.60509
36.079001,-79.008132,9,0.28,134.2,8.02,2501403,8.02,8.01775,-4.34955,4.05823,0.35507,-0.14691,0.37874,82.44666,32.57819,-26.61502
36.079001,-79.008132,9,0.28,134.4,7.76,2501603,7.76,7.76292,-4.20539,4.19163,0.39218,-0.40348,0.03528,83.60129,29.99123,-27.74043
36.078998,-79.008134,9,0.08,134.4,7.77,2502403,7.77,7.77129,-4.42433,4.01695,0.41737,-0.22358,0.10736,86.02748,21.99649,-29.55276
36.078998,-79.008134,9,0.08,134.6,7.71,2502603,7.71,7.71027,-4.37468,4.12283,0.37538,-0.20342,0.2109,86.67056,20.09646,-31.0874
36.078994,-79.008136,9,0.54,134.6,7.84,2503403,7.84,7.84307,-4.27597,4.07318,0.36728,-0.1547,0.2306,87.63519,12.8325,-35.64747
36.078994,-79.008136,9,0.54,134.6,7.72,2503603,7.72,7.72104,-4.28913,4.04327,0.38011,-0.21319,0.11102,87.85442,11.67787,-37.3575
36.078991,-79.008138,9,0.39,134.6,7.84,2504403,7.84,7.84008,-4.37468,4.19043,0.32849,-0.26573,0.13042,86.74364,8.87168,-43.83221
36.078991,-79.008138,9,0.39,134.7,7.54,2504603,7.54,7.53799,-4.25025,4.10728,0.39294,-0.0507,0.19349,85.9544,8.60859,-45.99532
36.078986,-79.008136,9,0.46,134.7,7.82,2505403,7.82,7.82214,-4.31785,4.04626,0.30146,-0.18341,0.1938,83.25051,7.92166,-53.81467
36.078986,-79.008136,9,0.46,134.9,7.76,2505603,7.76,7.75873,-4.29571,4.02293,0.30268,-0.2248,0.13393,82.84128,8.49167,-55.7147
36.078983,-79.008134,9,0.36,134.9,7.8,2506403,7.8,7.79821,-4.30828,4.10489,0.32559,-0.17303,0.12431,78.67583,11.40018,-60.65478
36.078983,-79.008134,9,0.36,135.3,7.76,2506603,7.76,7.75693,-4.37767,4.09891,0.33521,-0.1295,0.13668,77.43349,13.24174,-61.92633
36.078979,-79.008136,9,0.52,135.3,7.74,2507403,7.74,7.74377,-4.34357,4.03011,0.20357,-0.27474,0.26282,73.06343,17.75797,-65.11254
36.078979,-79.008136,9,0.52,135.5,7.76,2507603,7.76,7.76351,-4.1671,4.21436,0.33582,-0.16234,0.0507,71.7188,18.95645,-66.79333
36.078974,-79.008136,9,0.36,135.5,7.7,2508403,7.7,7.70369,-4.36032,4.1677,0.40836,-0.03742,-0.01023,68.45952,25.50424,-67.94797
36.078974,-79.008136,9,0.36,135.7,7.78,2508603,7.78,7.77548,-4.46381,4.03669,0.25198,-0.13164,0.24129,68.51797,27.9012,-66.69102
36.078971,-79.008136,9,0.33,135.7,7.67,2509403,7.67,7.67019,-4.04387,4.0678,0.23427,-0.15088,0.26359,66.25256,32.43204,-65.49255
36.078971,-79.008136,9,0.33,135.9,7.9,2509603,7.9,7.89871,-4.31905,4.13599,0.36682,-0.19624,-0.10721,65.30254,35.10669,-64.90792
36.07897,-79.008135,9,0.03,135.9,7.76,2510403,7.76,7.76471,-4.50927,4.15035,0.2952,-0.12569,0.15944,63.27097,41.36217,-62.0871
36.07897,-79.008135,9,0.03,136,7.77,2510603,7.77,7.7677,-4.22453,4.0672,0.22449,-0.13897,0.31047,64.26483,41.43525,-60.45016
36.078971,-79.008135,9,0.07,136,7.87,2511403,7.87,7.87239,-4.2353,4.07139,0.31398,-0.16325,0.07819,64.83485,45.42531,-55.78778
36.078971,-79.008135,9,0.07,136.3,7.64,2511603,7.64,7.63789,-4.31725,4.10489,0.34056,-0.11118,0.05467,64.07483,46.78456,-54.89623
36.078975,-79.008133,9,0.17,136.3,7.75,2512403,7.75,7.75394,-4.47278,4.07498,0.21502,-0.22694,0.19792,66.00409,48.91845,-48.55305
36.078975,-79.008133,9,0.17,136.9,7.65,2512603,7.65,7.65464,-4.2,4.10848,0.29154,-0.06246,0.17868,66.6618,49.28384,-47.63227
36.078975,-79.008133,9,0.1,136.9,7.96,2513403,7.96,7.95853,-4.40698,4.03669,0.26954,-0.15211,0.10156,69.70184,48.4069,-39.90061
36.078975,-79.008133,9,0.1,137.4,7.62,2513603,7.62,7.62174,-4.29691,4.16052,0.20174,-0.25091,0.13332,69.73107,48.93306,-40.52908
36.078976,-79.008135,9,0.1,137.4,7.84,2514403,7.84,7.84487,-4.35554,4.15514,0.25672,-0.1127,0.12187,73.19498,45.52762,-35.25285
